,Theta,Phi
0,0.0,0.0
1682,1.6739317694510296,-135.00000398408832
2357,1.6739317694510296,-45.00000830979934
332,1.6739317694510296,45.00000125223908
1007,1.6739317694510296,135.00000034162267
1352,3.5107349491897137,-179.99999499104368
2027,3.5107349491897137,-89.99999931675467
1,3.5107349491897137,0.0
677,3.5107349491897137,90.00000250447816
1683,4.258658805996093,-135.00000398408832
2358,4.258658805996093,-45.00000830979934
333,4.258658805996093,45.00000125223908
1008,4.258658805996093,135.00000034162267
1494,6.1860267723128555,-163.64367268372243
1912,6.1860267723128555,-106.35633528445425
2169,6.1860267723128555,-73.64366334905509
2587,6.1860267723128555,-16.356325949786907
144,6.1860267723128555,16.356329137510404
562,6.1860267723128555,73.64367336696776
819,6.1860267723128555,106.35633164198858
1237,6.1860267723128555,163.64366904125677
1684,7.3070704165421025,-135.00000398408832
2359,7.3070704165421025,-45.00000830979934
334,7.3070704165421025,45.00000125223908
1009,7.3070704165421025,135.00000034162267
1353,8.818622869490836,-179.99999499104368
2028,8.818622869490836,-89.99999931675467
2,8.818622869490836,0.0
678,8.818622869490836,90.00000250447816
1553,9.295995889640428,-155.81120789452368
1853,9.295995889640428,-114.18878641327467
2228,9.295995889640428,-65.81121222023467
2528,9.295995889640428,-24.188777078607327
203,9.295995889640428,24.18879051161458
503,9.295995889640428,65.811208577769
878,9.295995889640428,114.18878960099816
1178,9.295995889640428,155.811204252058
1685,10.643622948735208,-135.00000398408832
2360,10.643622948735208,-45.00000830979934
335,10.643622948735208,45.00000125223908
1010,10.643622948735208,135.00000034162267
1447,11.876739325073787,-170.08388537288414
1959,11.876739325073787,-99.91612259529253
2122,11.876739325073787,-80.0838760382168
2634,11.876739325073787,-9.916113260625202
97,11.876739325073787,9.916116448348703
609,11.876739325073787,80.08388605612946
772,11.876739325073787,99.91611895282686
1284,11.876739325073787,170.08388173041845
1588,12.67659118914907,-151.28236900307667
1818,12.67659118914907,-118.71761164434332
2263,12.67659118914907,-61.282386989166014
2493,12.67659118914907,-28.71762963043266
238,12.67659118914907,28.71762598796699
468,12.67659118914907,61.28237651651118
913,12.67659118914907,118.717621662256
1143,12.67659118914907,151.28237902098934
1686,14.178898127282544,-135.00000398408832
2361,14.178898127282544,-45.00000830979934
336,14.178898127282544,45.00000125223908
1011,14.178898127282544,135.00000034162267
1354,14.855980756121431,-179.99999499104368
2029,14.855980756121431,-89.99999931675467
3,14.855980756121431,0.0
679,14.855980756121431,90.00000250447816
1496,15.212444913809811,-163.5779252827719
1910,15.212444913809811,-106.42206902502645
2171,15.212444913809811,-73.57792960848289
2585,15.212444913809811,-16.42208701111579
146,15.212444913809811,16.42207824600824
560,15.212444913809811,73.57791913582805
821,15.212444913809811,106.42207904293912
1235,15.212444913809811,163.57792164030622
1610,16.244647006844232,-148.34060652755218
1796,16.244647006844232,-121.65940144062449
2285,16.244647006844232,-58.34059719288484
2471,16.244647006844232,-31.659392105957153
260,16.244647006844232,31.659391878586067
446,16.244647006844232,58.340607210797515
935,16.244647006844232,121.65939779815882
1121,16.244647006844232,148.3406028850865
1687,17.86072952862449,-135.00000398408832
2362,17.86072952862449,-45.00000830979934
337,17.86072952862449,45.00000125223908
1012,17.86072952862449,135.00000034162267
1426,18.112503961809498,-172.86739236533944
1980,18.112503961809498,-97.1326019424589
2101,18.112503961809498,-82.86739669105043
2655,18.112503961809498,-7.132592607791566
76,18.112503961809498,7.132604760138351
630,18.112503961809498,82.86739304858476
751,18.112503961809498,97.1326051301824
1305,18.112503961809498,172.86738872287376
1532,18.743119959951144,-159.01959363448879
1874,18.743119959951144,-110.98040067330956
2207,18.743119959951144,-69.01959796019977
2549,18.743119959951144,-20.980418659398897
182,18.743119959951144,20.980408186744057
524,18.743119959951144,69.0195943177341
857,18.743119959951144,110.98041069122222
1199,18.743119959951144,159.0195899920231
1622,19.952027584550258,-146.27633211507757
1784,19.952027584550258,-123.72367585309911
2297,19.952027584550258,-56.27632278041023
2459,19.952027584550258,-33.72366651843177
272,19.952027584550258,33.72366629106068
434,19.952027584550258,56.2763327983229
947,19.952027584550258,123.72367221063344
1109,19.952027584550258,146.2763284726119
1355,21.28053523661088,-179.99999499104368
2030,21.28053523661088,-89.99999931675467
4,21.28053523661088,0.0
680,21.28053523661088,90.00000250447816
1467,21.57079607822162,-167.5454455678489
1939,21.57079607822162,-102.45454873994944
2142,21.57079607822162,-77.54544989355989
2614,21.57079607822162,-12.454539405282102
117,21.57079607822162,12.454547715647479
589,21.57079607822162,77.5454530812834
792,21.57079607822162,102.45454509748377
1264,21.57079607822162,167.54545558576157
1688,21.65661057495366,-135.00000398408832
2363,21.65661057495366,-45.00000830979934
338,21.65661057495366,45.00000125223908
1013,21.65661057495366,135.00000034162267
1557,22.419416346744438,-155.65853950619555
1849,22.419416346744438,-114.3414548016028
2232,22.419416346744438,-65.65854383190654
2524,22.419416346744438,-24.341472787692133
207,22.419416346744438,24.341458899942708
499,22.419416346744438,65.65854018944087
882,22.419416346744438,114.34145798932629
1174,22.419416346744438,155.65853586372987
1635,23.76890633993534,-144.74654732591313
1771,23.76890633993534,-125.2534469818852
2310,23.76890633993534,-54.74655165162414
2446,23.76890633993534,-35.253437647217865
285,23.76890633993534,35.25344766513053
421,23.76890633993534,54.74655142425305
960,23.76890633993534,125.25344333941953
1096,23.76890633993534,144.7465573438258
1414,24.651373610890158,-174.40734047598883
1992,24.651373610890158,-95.59266749218783
2089,24.651373610890158,-84.4073311413215
2667,24.651373610890158,-5.592658157520492
64,24.651373610890158,5.592666040999045
642,24.651373610890158,84.407334329045
739,24.651373610890158,95.59266384972216
1317,24.651373610890158,174.40733683352317
1498,25.18277598869549,-163.44229138623376
1908,25.18277598869549,-106.5577165819429
2173,25.18277598869549,-73.44228205156644
2583,25.18277598869549,-16.557707247275562
148,25.18277598869549,16.557708727451768
558,25.18277598869549,73.44229206947911
823,25.18277598869549,106.55770610928806
1233,25.18277598869549,163.4422877437681
1689,25.5456110053322,-135.00000398408832
2364,25.5456110053322,-45.00000830979934
339,25.5456110053322,45.00000125223908
1014,25.5456110053322,135.00000034162267
1575,26.210442836121025,-153.08012943413738
1831,26.210442836121025,-116.91987853403928
2250,26.210442836121025,-63.08012009947005
2506,26.210442836121025,-26.919869199371945
225,26.210442836121025,26.91987580219003
481,26.210442836121025,63.08012328719355
900,26.210442836121025,116.91987489157361
1156,26.210442836121025,153.08012579167172
1641,27.67620826219493,-143.56616769392986
1765,27.67620826219493,-126.4338402742468
2316,27.67620826219493,-53.56615835926253
2440,27.67620826219493,-36.433830939579465
291,27.67620826219493,36.433834127302966
415,27.67620826219493,53.56616496208061
966,27.67620826219493,126.43383663178113
1090,27.67620826219493,143.5661640514642
1356,27.930163233272467,-179.99999499104368
2031,27.930163233272467,-89.99999931675467
5,27.930163233272467,0.0
681,27.930163233272467,90.00000250447816
1449,28.18092338336573,-169.92882641834652
1957,28.18092338336573,-100.07116788945183
2124,28.18092338336573,-79.9288307440575
2632,28.18092338336573,-10.071158554784493
99,28.18092338336573,10.071168572697161
607,28.18092338336573,79.928833931781
774,28.18092338336573,100.07117107717532
1282,28.18092338336573,169.92883643625916
1524,28.91719387023101,-160.18967334120367
1882,28.91719387023101,-109.81033462697302
2199,28.91719387023101,-70.18966400653632
2557,28.91719387023101,-19.810325292305674
174,28.91719387023101,19.810330187576465
532,28.91719387023101,70.18966719425983
849,28.91719387023101,109.81033098450735
1207,28.91719387023101,160.189669698738
1690,29.514186554635973,-135.00000398408832
2365,29.514186554635973,-45.00000830979934
340,29.514186554635973,45.00000125223908
1015,29.514186554635973,135.00000034162267
1590,30.096412370055372,-151.0396514007311
1816,30.096412370055372,-118.96035656744557
2265,30.096412370055372,-61.03966938682044
2491,30.096412370055372,-28.960347232778236
240,30.096412370055372,28.960343590312565
466,30.096412370055372,61.0396589141656
915,30.096412370055372,118.96033926460156
1141,30.096412370055372,151.03966141864376
1406,31.36836093314641,-175.37829284764118
2000,31.36836093314641,-94.6217151205355
2081,31.36836093314641,-85.37828351297384
2675,31.36836093314641,-4.621705785868159
56,31.36836093314641,4.621711534912597
650,31.36836093314641,85.37828670069734
731,31.36836093314641,94.62171147806983
1325,31.36836093314641,175.37828920517552
1647,31.661744878755137,-142.62689373964807
1759,31.661744878755137,-127.37310056815028
2322,31.661744878755137,-52.62689806535906
2434,31.661744878755137,-37.37311855423962
297,31.661744878755137,37.37310808158478
409,31.661744878755137,52.626894422893386
972,31.661744878755137,127.37311058606295
1084,31.661744878755137,142.62689009718238
1475,31.839244419810843,-166.27281740093545
1931,31.839244419810843,-103.7271769068629
2150,31.839244419810843,-76.27282172664644
2606,31.839244419810843,-13.727167572195558
125,31.839244419810843,13.727180151429165
581,31.839244419810843,76.27281808418077
800,31.839244419810843,103.72718009458639
1256,31.839244419810843,166.27281375846977
1541,32.75356427796002,-157.55104832142268
1865,32.75356427796002,-112.44894598637566
2216,32.75356427796002,-67.55105264713367
2540,32.75356427796002,-22.448963972465
191,32.75356427796002,22.44895349981016
515,32.75356427796002,67.551049004668
866,32.75356427796002,112.44895600428832
1190,32.75356427796002,157.551044678957
1691,33.55382680715915,-135.00000398408832
2366,33.55382680715915,-45.00000830979934
341,33.55382680715915,45.00000125223908
1016,33.55382680715915,135.00000034162267
1600,34.06471471179234,-149.38471022521534
1806,34.06471471179234,-120.61528408258299
2275,34.06471471179234,-59.384714550926354
2481,34.06471471179234,-30.615302068672325
250,34.06471471179234,30.61529501111207
456,34.06471471179234,59.38470407827151
925,34.06471471179234,120.61529410049565
1131,34.06471471179234,149.3847065827497
1357,34.71173511677306,-179.99999499104368
2032,34.71173511677306,-89.99999931675467
6,34.71173511677306,0.0
682,34.71173511677306,90.00000250447816
1438,34.93862717081172,-171.50744706007654
1968,34.93862717081172,-98.4925472477218
2113,34.93862717081172,-81.50745138578753
2643,34.93862717081172,-8.492537913054464
88,34.93862717081172,8.492551346061719
618,34.93862717081172,81.50744774332186
763,34.93862717081172,98.4925504354453
1293,34.93862717081172,171.50744341761086
1500,35.60610740745122,-163.2376589187002
1906,35.60610740745122,-106.76234904947648
2175,35.60610740745122,-73.23764958403285
2581,35.60610740745122,-16.762339714809144
150,35.60610740745122,16.762344610079936
556,35.60610740745122,73.23765277175636
825,35.60610740745122,106.76234540701081
1231,35.60610740745122,163.23765527623453
1657,35.71805762304231,-141.8614207789864
1749,35.71805762304231,-128.13857352881195
2332,35.71805762304231,-51.86142510469739
2424,35.71805762304231,-38.13856419414461
307,35.71805762304231,38.13857421205728
399,35.71805762304231,51.86142829242089
982,35.71805762304231,128.1385698863463
1074,35.71805762304231,141.86143079689904
1561,36.678638352439975,-155.36959518354732
1845,36.678638352439975,-114.63039912425101
2236,36.678638352439975,-65.36959950925832
2520,36.678638352439975,-24.630417110340353
211,36.678638352439975,24.630408345232805
495,36.678638352439975,65.36958903660349
886,36.678638352439975,114.63040914216367
1170,36.678638352439975,155.36959154108166
1692,37.65967208330725,-135.00000398408832
2367,37.65967208330725,-45.00000830979934
342,37.65967208330725,45.00000125223908
1017,37.65967208330725,135.00000034162267
1612,38.107691511725065,-148.01606325894986
1794,38.107691511725065,-121.98394470922682
2287,38.107691511725065,-58.01605392428252
2469,38.107691511725065,-31.98393537455948
262,38.107691511725065,31.983935147188394
444,38.107691511725065,58.01606394219519
937,38.107691511725065,121.98394106676115
1119,38.107691511725065,148.01605961648417
1402,38.1869251211918,-176.04287025388342
2004,38.1869251211918,-93.95713771429325
2077,38.1869251211918,-86.04286091921608
2679,38.1869251211918,-3.9571283796259182
52,38.1869251211918,3.957126871594363
654,38.1869251211918,86.04287093712875
727,38.1869251211918,93.95712724163842
1329,38.1869251211918,176.04286661141774
1465,38.621967190186595,-168.22596463561393
1941,38.621967190186595,-101.77404333256273
2140,38.621967190186595,-78.22595530094661
2616,38.621967190186595,-11.77403399789539
115,38.621967190186595,11.774036331845243
591,38.621967190186595,78.22596531885928
790,38.621967190186595,101.77403285990789
1266,38.621967190186595,168.22596099314828
1520,39.46813200570279,-160.68191141430813
1886,39.46813200570279,-109.31809655386853
2195,39.46813200570279,-70.6819020796408
2561,39.46813200570279,-19.318087219201196
170,39.46813200570279,19.31808699183011
536,39.46813200570279,70.68191209755348
845,39.46813200570279,109.31808608121369
1211,39.46813200570279,160.68190777184248
1659,39.8411491268447,-141.2259399786084
1747,39.8411491268447,-128.77405432918994
2334,39.8411491268447,-51.225944304319405
2422,39.8411491268447,-38.77407231527928
309,39.8411491268447,38.77405842752985
397,39.8411491268447,51.225940661853734
984,39.8411491268447,128.7740643471026
1072,39.8411491268447,141.22593633614272
1571,40.68429158365316,-153.53839414631022
1835,40.68429158365316,-116.46160016148811
2246,40.68429158365316,-63.53839847202123
2510,40.68429158365316,-26.46161814757745
221,40.68429158365316,26.46160767492261
485,40.68429158365316,63.53839482955556
896,40.68429158365316,116.46161017940078
1160,40.68429158365316,153.53839050384457
1358,41.563258382658354,-179.99999499104368
2033,41.563258382658354,-89.99999931675467
7,41.563258382658354,0.0
683,41.563258382658354,90.00000250447816
1428,41.77684181309924,-172.625002612074
1978,41.77684181309924,-97.37499169572432
2103,41.77684181309924,-82.62500693778502
2653,41.77684181309924,-7.374982361056979
78,41.77684181309924,7.374992378969648
628,41.77684181309924,82.62501012550852
753,41.77684181309924,97.37499488344781
1303,41.77684181309924,172.62501262998668
1693,41.82966308104553,-135.00000398408832
2368,41.82966308104553,-45.00000830979934
343,41.82966308104553,45.00000125223908
1018,41.82966308104553,135.00000034162267
1618,42.2213197884324,-146.86692491223022
1788,42.2213197884324,-123.13308305594644
2293,42.2213197884324,-56.86691557756289
2463,42.2213197884324,-33.1330737212791
268,42.2213197884324,33.13307349390802
438,42.2213197884324,56.866925595475564
943,42.2213197884324,123.13307941348077
1113,42.2213197884324,146.86692126976456
1483,42.40558804695559,-165.41508224496525
1923,42.40558804695559,-104.5849120628331
2158,42.40558804695559,-75.41508657067624
2598,42.40558804695559,-14.58493004892244
133,42.40558804695559,14.584916161173012
573,42.40558804695559,75.41508292821057
808,42.40558804695559,104.58491525055659
1248,42.40558804695559,165.41507860249956
1537,43.41699904415649,-158.50497986166334
1869,43.41699904415649,-111.495014446135
2212,43.41699904415649,-68.50498418737433
2544,43.41699904415649,-21.49503243222434
187,43.41699904415649,21.495018544474913
519,43.41699904415649,68.50498054490866
862,43.41699904415649,111.4950176338585
1194,43.41699904415649,158.50497621919766
1661,44.029711408936244,-140.6908902797863
1745,44.029711408936244,-129.30910402801206
2336,44.029711408936244,-50.690894605497284
2420,44.029711408936244,-39.30909469334472
311,44.029711408936244,39.30910812635197
395,44.029711408936244,50.690894378126195
986,44.029711408936244,129.30910038554637
1070,44.029711408936244,140.6908866373206
1584,44.76620729204413,-151.9829551666232
1822,44.76620729204413,-118.01705280155345
2259,44.76620729204413,-61.98294583195588
2497,44.76620729204413,-28.017043466886115
234,44.76620729204413,28.017050069704197
472,44.76620729204413,61.98294901967938
909,44.76620729204413,118.01704915908778
1147,44.76620729204413,151.98295152415756
1397,45.052713237158656,-176.5252865149614
2009,45.052713237158656,-93.47470779283691
2072,45.052713237158656,-86.52529084067243
2684,45.052713237158656,-3.4747257789262576
47,45.052713237158656,3.4747133852807126
659,45.052713237158656,86.52528719820675
722,45.052713237158656,93.47471098056042
1334,45.052713237158656,176.52528287249575
1453,45.469873870906355,-169.65086503988366
1953,45.469873870906355,-100.34912926791466
2128,45.469873870906355,-79.65086936559467
2628,45.469873870906355,-10.349119933247332
103,45.469873870906355,10.349132512480939
603,45.469873870906355,79.650865723129
778,45.469873870906355,100.34913245563817
1278,45.469873870906355,169.650861397418
1694,46.06400812114367,-135.00000398408832
2369,46.06400812114367,-45.00000830979934
344,46.06400812114367,45.00000125223908
1019,46.06400812114367,135.00000034162267
1504,46.28147109903312,-162.9872505233492
1902,46.28147109903312,-107.01274378444914
2179,46.28147109903312,-72.9872548490602
2577,46.28147109903312,-17.012761770538493
154,46.28147109903312,17.012754712978236
552,46.28147109903312,72.98724437640534
829,46.28147109903312,107.01275380236181
1227,46.28147109903312,162.9872468808835
1626,46.404390598431256,-145.89115042702386
1780,46.404390598431256,-124.10884388077446
2301,46.404390598431256,-55.89115475273487
2455,46.404390598431256,-34.108834546107126
276,46.404390598431256,34.1088445640198
430,46.404390598431256,55.89115794045837
951,46.404390598431256,124.10884023830879
1105,46.404390598431256,145.89116044493653
1547,47.44825865456806,-156.63453255745534
1859,47.44825865456806,-113.36544808996464
2222,47.44825865456806,-66.63455054354469
2534,47.44825865456806,-23.36546607605399
197,47.44825865456806,23.36546072604103
509,47.44825865456806,66.63454007088984
872,47.44825865456806,113.36545810787732
1184,47.44825865456806,156.63454257536802
1663,48.28461531843612,-140.2358903980367
1743,48.28461531843612,-129.76410390976162
2338,48.28461531843612,-50.23589472374771
2418,48.28461531843612,-39.76409457509428
313,48.28461531843612,39.764104593006955
393,48.28461531843612,50.23589449637663
988,48.28461531843612,129.76410026729596
1068,48.28461531843612,140.23590041594937
1359,48.43674070672523,-179.99999499104368
2034,48.43674070672523,-89.99999931675467
8,48.43674070672523,0.0
684,48.43674070672523,90.00000250447816
1422,48.64522881604528,-173.45810810589714
1984,48.64522881604528,-96.54189986227952
2097,48.64522881604528,-83.4581260919865
2659,48.64522881604528,-6.541890527612184
72,48.64522881604528,6.54188645825969
634,48.64522881604528,83.45811561933165
747,48.64522881604528,96.54188938962469
1309,48.64522881604528,173.4581181238098
1592,48.92306725110306,-150.65059016522883
1814,48.92306725110306,-119.3494041425695
2267,48.92306725110306,-60.65059449093984
2489,48.92306725110306,-29.34942212865884
242,48.92306725110306,29.349411656004
464,48.92306725110306,60.65059084847417
917,48.92306725110306,119.34941416048217
1139,48.92306725110306,150.65058652276315
1473,49.258825690322546,-167.04813949438025
1933,49.258825690322546,-102.95186847379641
2148,49.258825690322546,-77.04813015971293
2608,49.258825690322546,-12.95185913912907
123,49.258825690322546,12.95185976553163
583,49.258825690322546,77.0481401776256
798,49.258825690322546,102.95185800114156
1258,49.258825690322546,167.0481358519146
1518,50.24540211970129,-160.8779378434875
1888,50.24540211970129,-109.12207012468916
2193,50.24540211970129,-70.87792850882018
2563,50.24540211970129,-19.12206079002183
168,50.24540211970129,19.122069100387204
538,50.24540211970129,70.87793169654367
843,50.24540211970129,109.12206648222349
1213,50.24540211970129,160.87793420102184
1695,50.36478699620394,-135.00000398408832
2370,50.36478699620394,-45.00000830979934
345,50.36478699620394,45.00000125223908
1020,50.36478699620394,135.00000034162267
1633,50.657962621042984,-145.05641934817828
1773,50.657962621042984,-124.94357495962007
2308,50.657962621042984,-55.05642367388927
2448,50.657962621042984,-34.943592945709405
283,50.657962621042984,34.94358247305456
423,50.657962621042984,55.05641661632902
958,50.657962621042984,124.94358497753274
1098,50.657962621042984,145.0564157057126
1563,51.560565289671,-155.01841417718194
1843,51.560565289671,-114.98158013061638
2238,51.560565289671,-65.01841850289296
2518,51.560565289671,-24.981570795949047
213,51.560565289671,24.98158252140901
493,51.560565289671,65.01841486042728
888,51.560565289671,114.98157648815071
1168,51.560565289671,155.0184241950946
1395,51.92043429666063,-176.89303756025325
2011,51.92043429666063,-93.10697040792343
2070,51.92043429666063,-86.89302822558591
2686,51.92043429666063,-3.106961073256091
45,51.92043429666063,3.106967249187352
661,51.92043429666063,86.8930314133094
720,51.92043429666063,93.10696676545776
1336,51.92043429666063,176.89303391778756
1443,52.33479455284862,-170.7410315333094
1963,52.33479455284862,-99.25897643486728
2118,52.33479455284862,-80.74102219864206
2638,52.33479455284862,-9.258967100199936
93,52.33479455284862,9.258970287923436
613,52.33479455284862,80.74103221655473
768,52.33479455284862,99.25897279240161
1288,52.33479455284862,170.74102789084372
1665,52.60852804421522,-139.84670621912937
1741,52.60852804421522,-130.15328808866894
2340,52.60852804421522,-49.846710544840384
2416,52.60852804421522,-40.15330607475829
315,52.60852804421522,40.15329901719804
391,52.60852804421522,49.84670348728013
990,52.60852804421522,130.15329810658162
1066,52.60852804421522,139.84670257666372
1488,53.140148988073996,-164.76277185847235
1918,53.140148988073996,-105.237222449326
2163,53.140148988073996,-74.76277618418334
2593,53.140148988073996,-15.237213114658656
138,53.140148988073996,15.237224840118618
568,53.140148988073996,74.76277254171767
813,53.140148988073996,105.23722563704949
1243,53.140148988073996,164.76278187638502
1598,53.15594721562424,-149.50389702623207
1808,53.15594721562424,-120.4961109419446
2273,53.15594721562424,-59.503887691564735
2483,53.15594721562424,-30.496101607277264
248,53.15594721562424,30.49610479500076
458,53.15594721562424,59.503890879288235
923,53.15594721562424,120.49610729947892
1133,53.15594721562424,149.5038933837664
1530,54.29627803340913,-159.0400432208638
1876,54.29627803340913,-110.9599374265562
2205,54.29627803340913,-69.04006120695314
2551,54.29627803340913,-20.95995541264554
180,54.29627803340913,20.95995177017987
526,54.29627803340913,69.0400507342983
855,54.29627803340913,110.95995427465803
1201,54.29627803340913,159.04005323877647
1696,54.735609461202685,-135.00000398408832
2371,54.735609461202685,-45.00000830979934
346,54.735609461202685,45.00000125223908
1021,54.735609461202685,135.00000034162267
1637,54.98493527157025,-144.3399871457573
1769,54.98493527157025,-125.66000716204104
2312,54.98493527157025,-54.339991471468295
2444,54.98493527157025,-35.6599978273737
287,54.98493527157025,35.66000784528637
419,54.98493527157025,54.339994659191795
962,54.98493527157025,125.66000351957537
1094,54.98493527157025,144.33999716366995
1360,55.288263972610515,-179.99999499104368
2035,55.288263972610515,-89.99999931675467
9,55.288263972610515,0.0
685,55.288263972610515,90.00000250447816
1416,55.49910849719422,-174.10954422817628
1990,55.49910849719422,-95.89046374000038
2091,55.49910849719422,-84.10953489350895
2665,55.49910849719422,-5.890454405333047
66,55.49910849719422,5.890459727490662
640,55.49910849719422,84.10953808123244
741,55.49910849719422,95.89046009753471
1315,55.49910849719422,174.10954058571062
1569,55.75506300615128,-153.61931822759652
1837,55.75506300615128,-116.3806760802018
2244,55.75506300615128,-63.61932255330754
2512,55.75506300615128,-26.38069406629114
219,55.75506300615128,26.380681886089008
487,55.75506300615128,63.61931891084187
894,55.75506300615128,116.38068609811447
1162,55.75506300615128,153.61931458513087
1461,56.11891059833245,-168.33119052996716
1945,56.11891059833245,-101.66880377783117
2136,56.11891059833245,-78.33119485567816
2620,56.11891059833245,-11.668821763920516
111,56.11891059833245,11.668812998812966
595,56.11891059833245,78.33118438302333
786,56.11891059833245,101.66881379574384
1270,56.11891059833245,168.3311868875015
1667,57.00553403939722,-139.51339298763276
1739,57.00553403939722,-130.48660132016556
2342,57.00553403939722,-49.513397313343766
2414,57.00553403939722,-40.48659198549824
317,57.00553403939722,40.48660541850549
389,57.00553403939722,49.513393670878095
992,57.00553403939722,130.48661133807823
1064,57.00553403939722,139.5133893451671
1506,57.11336906601338,-162.75543390291895
1900,57.11336906601338,-107.24456040487938
2181,57.11336906601338,-72.75543822862996
2575,57.11336906601338,-17.244551070212044
156,57.11336906601338,17.244561088124712
550,57.11336906601338,72.75544141635345
831,57.11336906601338,107.24456359260287
1225,57.11336906601338,162.75544392083162
1608,57.46782514808577,-148.5165795213284
1798,57.46782514808577,-121.48342844684828
2283,57.46782514808577,-58.516570186661056
2473,57.46782514808577,-31.483419112180947
258,57.46782514808577,31.483415469715275
448,57.46782514808577,58.51658020457372
933,57.46782514808577,121.48341114400426
1123,57.46782514808577,148.51658953924107
1543,58.43554684026069,-157.44013970968
1863,58.43554684026069,-112.55986825849666
2218,58.43554684026069,-67.44013037501267
2538,58.43554684026069,-22.559858923829328
193,58.43554684026069,22.55986381910012
513,58.43554684026069,67.44013356273616
868,58.43554684026069,112.55986461603099
1188,58.43554684026069,157.44013606721433
1391,58.745152485148196,-177.18771924180427
2015,58.745152485148196,-92.8122887263724
2066,58.745152485148196,-87.18770990713693
2690,58.745152485148196,-2.812279391705061
41,58.745152485148196,2.812287488627026
665,58.745152485148196,87.18771309486044
716,58.745152485148196,92.81228508390673
1340,58.745152485148196,177.18771559933862
1434,59.17153387427541,-171.61741310571372
1972,59.17153387427541,-98.3825812020846
2109,59.17153387427541,-81.61741743142474
2647,59.17153387427541,-8.38259918817394
84,59.17153387427541,8.38259298438733
622,59.17153387427541,81.61740695876989
759,59.17153387427541,98.38259121999727
1297,59.17153387427541,171.61740946324807
1697,59.18120542214015,-135.00000398408832
2372,59.18120542214015,-45.00000830979934
347,59.18120542214015,45.00000125223908
1022,59.18120542214015,135.00000034162267
1639,59.38954668239305,-143.72619902618328
1767,59.38954668239305,-126.27379528161507
2314,59.38954668239305,-53.72620335189427
2442,59.38954668239305,-36.27381326770441
289,59.38954668239305,36.27380621014415
417,59.38954668239305,53.72619287923943
964,59.38954668239305,126.27380529952774
1092,59.38954668239305,143.7261953837176
1477,59.99815751857621,-166.19834101822562
1929,59.99815751857621,-103.80165328957271
2152,59.99815751857621,-76.19834534393662
2604,59.99815751857621,-13.801671275662057
127,59.99815751857621,13.801660803007216
579,59.99815751857621,76.19834170147095
802,59.99815751857621,103.80166330748538
1254,59.99815751857621,166.19833737575996
1579,60.034835634419174,-152.41135829174476
1827,60.034835634419174,-117.58863601605357
2254,60.034835634419174,-62.411362617455765
2502,60.034835634419174,-27.588654002142913
229,60.034835634419174,27.588643529488074
477,60.034835634419174,62.411358974990094
904,60.034835634419174,117.58864603396624
1152,60.034835634419174,152.41135464927908
1516,61.18059986768881,-160.9990917389852
1890,61.18059986768881,-109.00090256881315
2191,61.18059986768881,-70.99909606469619
2565,61.18059986768881,-19.000893234145803
166,61.18059986768881,19.000904959605766
540,61.18059986768881,70.99909242223052
841,61.18059986768881,109.00090575653664
1215,61.18059986768881,160.99908809651953
1669,61.48058177603578,-139.22925711816023
1737,61.48058177603578,-130.7707371896381
2344,61.48058177603578,-49.22926144387124
2412,61.48058177603578,-40.770755175727444
319,61.48058177603578,40.77074128797802
387,61.48058177603578,49.229257801405566
994,61.48058177603578,130.77074720755078
1062,61.48058177603578,139.22925347569455
1614,61.862928935583916,-147.67087915867575
1792,61.862928935583916,-122.32911514912259
2289,61.862928935583916,-57.670883484386756
2467,61.862928935583916,-32.329133135211926
264,61.862928935583916,32.32912607765167
442,61.862928935583916,57.67087301173191
939,61.862928935583916,122.32912516703524
1117,61.862928935583916,147.6708755162101
1361,62.06983585611111,-179.99999499104368
2036,62.06983585611111,-89.99999931675467
10,62.06983585611111,0.0
686,62.06983585611111,90.00000250447816
1412,62.291045192760315,-174.64757188947652
1994,62.291045192760315,-95.35243607870014
2087,62.291045192760315,-84.6475625548092
2669,62.291045192760315,-5.352426744032803
62,62.291045192760315,5.352429504869479
644,62.291045192760315,84.64757257272187
737,62.291045192760315,95.35243243623447
1319,62.291045192760315,174.64756824701087
1551,62.66658265370596,-156.05585161021517
1855,62.66658265370596,-113.94415635796149
2226,62.66658265370596,-66.05586959630453
2530,62.66658265370596,-23.94414702329415
201,62.66658265370596,23.94414338082848
505,62.66658265370596,66.05585912364968
876,62.66658265370596,113.94414588530665
1180,62.66658265370596,156.05586162812784
1455,62.93965361672307,-169.39585309703207
1951,62.93965361672307,-100.60414121076626
2130,62.93965361672307,-79.39585742274308
2626,62.93965361672307,-10.604131876098927
105,62.93965361672307,10.604141894011596
601,62.93965361672307,79.39586061046657
780,62.93965361672307,100.60414439848977
1276,62.93965361672307,169.39586311494475
1698,63.70673167183969,-135.00000398408832
2373,63.70673167183969,-45.00000830979934
348,63.70673167183969,45.00000125223908
1023,63.70673167183969,135.00000034162267
1643,63.87665994820044,-143.2047140830528
1763,63.87665994820044,-126.79529388512388
2318,63.87665994820044,-53.20470474838546
2438,63.87665994820044,-36.79528455045654
293,63.87665994820044,36.79528773818004
413,63.87665994820044,53.20471135120354
968,63.87665994820044,126.79529024265821
1088,63.87665994820044,143.20471044058712
1490,63.9757250119223,-164.32360435521886
1916,63.9757250119223,-105.67640361295781
2165,63.9757250119223,-74.32359502055152
2591,63.9757250119223,-15.676394278290477
140,63.9757250119223,15.67639405091939
566,63.9757250119223,74.3236050384642
815,63.9757250119223,105.67639314030298
1241,63.9757250119223,164.32360071275318
1586,64.4041144766655,-151.37784138729512
1820,64.4041144766655,-118.62215292050323
2261,64.4041144766655,-61.37784571300612
2495,64.4041144766655,-28.622170906592565
236,64.4041144766655,28.622163849032308
470,64.4041144766655,61.377835240351274
911,64.4041144766655,118.6221629384159
1145,64.4041144766655,151.37783774482943
1526,65.3458063179135,-159.47746219568975
1880,65.3458063179135,-110.52253211210858
2201,65.3458063179135,-69.47746652140076
2555,65.3458063179135,-20.522522777441242
176,65.3458063179135,20.522532795353914
530,65.3458063179135,69.47746970912425
851,65.3458063179135,110.52253529983209
1205,65.3458063179135,159.47747221360243
1389,65.47372893087866,-177.43919314666581
2017,65.47372893087866,-92.56080116113253
2064,65.47372893087866,-87.4391974723768
2692,65.47372893087866,-2.5608191472218715
39,65.47372893087866,2.5608103821143233
667,65.47372893087866,87.43918699972197
714,65.47372893087866,92.5608111790452
1342,65.47372893087866,177.43918950420013
1432,65.92935035984272,-172.36798259360643
1974,65.92935035984272,-97.63202537457023
2107,65.92935035984272,-82.3679732589391
2649,65.92935035984272,-7.632016039902899
82,65.92935035984272,7.6320141049845205
624,65.92935035984272,82.36798327685177
757,65.92935035984272,97.6320149019154
1299,65.92935035984272,172.3679926115191
1671,66.03859923561707,-138.99005023304804
1735,66.03859923561707,-131.00994407475028
2346,66.03859923561707,-48.99006821913739
2410,66.03859923561707,-41.00994840046129
321,66.03859923561707,41.00994475799562
385,66.03859923561707,48.99005433138796
996,66.03859923561707,131.00994043228462
1060,66.03859923561707,138.9900602509607
1616,66.34586212561926,-146.9557856733321
1790,66.34586212561926,-123.04420863446623
2291,66.34586212561926,-56.9557899990431
2465,66.34586212561926,-33.04422662055558
266,66.34586212561926,33.04421956299532
440,66.34586212561926,56.955782941482845
941,66.34586212561926,123.0442186523789
1115,66.34586212561926,146.95578203086643
1469,66.80820446072659,-167.4352746165366
1937,66.80820446072659,-102.56473335164009
2144,66.80820446072659,-77.43526528186925
2612,66.80820446072659,-12.564724016972747
119,66.80820446072659,12.564728058469893
587,66.80820446072659,77.43527529978192
794,66.80820446072659,102.56472970917442
1262,66.80820446072659,167.4352709740709
1565,66.99371239858414,-154.87437914796473
1841,66.99371239858414,-115.12561515983361
2240,66.99371239858414,-64.87438347367572
2516,66.99371239858414,-25.125633145922958
215,66.99371239858414,25.125622673268115
491,66.99371239858414,64.87437983121005
890,66.99371239858414,115.12562517774629
1166,66.99371239858414,154.87437550549905
1508,68.05664692778903,-162.69887993659125
1898,68.05664692778903,-107.30111437120709
2183,68.05664692778903,-72.69888426230224
2573,68.05664692778903,-17.301132357296428
158,68.05664692778903,17.301125299736174
548,68.05664692778903,72.69887378964741
833,68.05664692778903,107.30112438911975
1223,68.05664692778903,162.69887629412557
1699,68.31663807854557,-135.00000398408832
2374,68.31663807854557,-45.00000830979934
349,68.31663807854557,45.00000125223908
1024,68.31663807854557,135.00000034162267
1645,68.45059857873703,-142.76956273103127
1761,68.45059857873703,-127.23043157676705
2320,68.45059857873703,-52.76956705674228
2436,68.45059857873703,-37.23044956285639
295,68.45059857873703,37.23043909020156
411,68.45059857873703,52.76956341427661
970,68.45059857873703,127.23044159467972
1086,68.45059857873703,142.76955908856561
1362,68.7194621452254,-179.99999499104368
2037,68.7194621452254,-89.99999931675467
11,68.7194621452254,0.0
687,68.7194621452254,90.00000250447816
1594,68.86706936337856,-150.50977898529985
1812,68.86706936337856,-119.49021532249849
2269,68.86706936337856,-60.50978331101086
2487,68.86706936337856,-29.490233308587825
244,68.86706936337856,29.490222835932983
462,68.86706936337856,60.509779668545185
919,68.86706936337856,119.49022534041116
1137,68.86706936337856,150.5097753428342
1408,68.96127816260054,-175.12670965975292
1998,68.96127816260054,-94.8732846480454
2083,68.96127816260054,-85.12671398546394
2673,68.96127816260054,-4.873302634134749
58,68.96127816260054,4.873293015253554
648,68.96127816260054,85.12671034299827
733,68.96127816260054,94.87329466595807
1323,68.96127816260054,175.12670601728726
1539,69.61367051136348,-158.18412489521282
1867,69.61367051136348,-111.81586941258551
2214,69.61367051136348,-68.18412922092382
2542,69.61367051136348,-21.815887398674857
189,69.61367051136348,21.815876926020017
517,69.61367051136348,68.18412557845815
864,69.61367051136348,111.81587943049819
1192,69.61367051136348,158.18412125274713
1445,69.66670010007945,-170.34921090138243
1961,69.66670010007945,-99.65078340641588
2120,69.66670010007945,-80.34921522709345
2636,69.66670010007945,-9.650774071748547
95,69.66670010007945,9.650784943434862
611,69.66670010007945,80.34921841481695
770,69.66670010007945,99.65078659413939
1286,69.66670010007945,170.3492209192951
1673,70.68301175800984,-138.79355935100511
1733,70.68301175800984,-131.20644861717156
2348,70.68301175800984,-48.79355001633778
2408,70.68301175800984,-41.20643928250422
323,70.68301175800984,41.2064458853223
383,70.68301175800984,48.793556619155865
998,70.68301175800984,131.20644497470587
1058,70.68301175800984,138.79355570853946
1481,70.78387999167259,-165.73754913605987
1925,70.78387999167259,-104.26244517173845
2156,70.78387999167259,-75.73755346177089
2600,70.78387999167259,-14.262435837071116
131,70.78387999167259,14.26244927007837
575,70.78387999167259,75.73754981930522
806,70.78387999167259,104.26244835946196
1250,70.78387999167259,165.7375454935942
1620,70.91997834107427,-146.36595785736648
1786,70.91997834107427,-123.63403645043186
2295,70.91997834107427,-56.36596218307748
2461,70.91997834107427,-33.63402711576452
270,70.91997834107427,33.63403713367719
436,70.91997834107427,56.36596195570639
945,70.91997834107427,123.6340328079662
1111,70.91997834107427,146.36596787527915
1567,71.42063803742538,-153.89126903958976
1839,71.42063803742538,-116.10872526820857
2242,71.42063803742538,-63.89127336530077
2514,71.42063803742538,-26.108715933541234
217,71.42063803742538,26.108725951453902
489,71.42063803742538,63.89127655302426
892,71.42063803742538,116.1087216257429
1164,71.42063803742538,153.89127905750243
1387,72.0324658927076,-177.67428825789764
2019,72.0324658927076,-92.32570604990069
2062,72.0324658927076,-87.67429258360865
2694,72.0324658927076,-2.325724035990033
37,72.0324658927076,2.3257184725336577
669,72.0324658927076,87.67428211095381
712,72.0324658927076,92.32571606781336
1344,72.0324658927076,177.67428461543196
1514,72.24633277599904,-161.3265993096873
1892,72.24633277599904,-108.67340865848936
2189,72.24633277599904,-71.32661729577664
2567,72.24633277599904,-18.673399323822032
164,72.24633277599904,18.67339568135636
542,72.24633277599904,71.32660682312181
839,72.24633277599904,108.67339818583453
1217,72.24633277599904,161.32660932759998
1424,72.54102811792842,-173.07289909708678
1982,72.54102811792842,-96.92709521071156
2099,72.54102811792842,-83.07290342279778
2657,72.54102811792842,-6.927085876044223
74,72.54102811792842,6.927098882164654
632,72.54102811792842,83.07289978033211
749,72.54102811792842,96.92709839843506
1307,72.54102811792842,173.0728954546211
1700,73.01279611409036,-135.00000398408832
2375,73.01279611409036,-45.00000830979934
350,73.01279611409036,45.00000125223908
1025,73.01279611409036,135.00000034162267
1649,73.1132340458354,-142.41829976239586
1757,73.1132340458354,-127.58169454540247
2324,73.1132340458354,-52.418304088106865
2432,73.1132340458354,-37.58171253149181
299,73.1132340458354,37.58170205883697
407,73.1132340458354,52.4183004456412
974,73.1132340458354,127.58170456331514
1082,73.1132340458354,142.4182961199302
1596,73.4257561814985,-149.80480784030615
1810,73.4257561814985,-120.19520012787052
2271,73.4257561814985,-59.804798505638814
2485,73.4257561814985,-30.19519079320318
246,73.4257561814985,30.195190565832096
460,73.4257561814985,59.804808523551486
921,73.4257561814985,120.19519648540485
1135,73.4257561814985,149.8048041978405
1459,73.51213758393166,-168.60494451190127
1947,73.51213758393166,-101.39504979589707
2134,73.51213758393166,-78.60494883761227
2622,73.51213758393166,-11.395067781986404
109,73.51213758393166,11.395059870652501
597,73.51213758393166,78.60493836495743
784,73.51213758393166,101.39505981380972
1272,73.51213758393166,168.6049408694356
1545,73.98740946713782,-157.1217845924657
1861,73.98740946713782,-112.87820971533262
2220,73.98740946713782,-67.12178891817672
2536,73.98740946713782,-22.878227701421963
195,73.98740946713782,22.87821552121983
511,73.98740946713782,67.12178527571105
870,73.98740946713782,112.87821290305612
1186,73.98740946713782,157.12178095000004
1492,74.8733942855152,-164.31674684529216
1914,74.8733942855152,-105.6832611228845
2167,74.8733942855152,-74.3167648313815
2589,74.8733942855152,-15.68325178821717
142,74.8733942855152,15.683248145751499
564,74.8733942855152,74.31675435872667
817,74.8733942855152,105.68325065022967
1239,74.8733942855152,164.31675686320483
1363,75.14402004080944,-179.99999499104368
2038,75.14402004080944,-89.99999931675467
12,75.14402004080944,0.0
688,75.14402004080944,90.00000250447816
1675,75.41347100356644,-138.63914243424946
1731,75.41347100356644,-131.3608655339272
2350,75.41347100356644,-48.63913309958213
2406,75.41347100356644,-41.360856199259864
325,75.41347100356644,41.360862802077946
381,75.41347100356644,48.63913628730563
1000,75.41347100356644,131.36086189146152
1056,75.41347100356644,138.6391387917838
1404,75.4222068155149,-175.60392131668337
2002,75.4222068155149,-94.39607299111495
2079,75.4222068155149,-85.60392564239439
2677,75.4222068155149,-4.396063656447618
54,75.4222068155149,4.396071966812994
652,75.4222068155149,85.60392883011788
729,75.4222068155149,94.39606934864928
1327,75.4222068155149,175.60393133459604
1624,75.58499071400381,-145.90074001261857
1782,75.58499071400381,-124.09925429517976
2299,75.58499071400381,-55.90074433832957
2457,75.58499071400381,-34.09924496051243
274,75.58499071400381,34.0992549784251
432,75.58499071400381,55.900744110958485
949,75.58499071400381,124.09925065271409
1107,75.58499071400381,145.90075003053124
1573,75.94770790987734,-153.10949924756844
1833,75.94770790987734,-116.89050872060822
2248,75.94770790987734,-63.109489912901104
2508,75.94770790987734,-26.890499385940892
223,75.94770790987734,26.890500866117097
483,75.94770790987734,63.109499930813776
898,75.94770790987734,116.89050507814255
1158,75.94770790987734,153.10949560510278
1440,76.22501359017986,-171.3050139134557
1966,76.22501359017986,-98.69499405472098
2115,76.22501359017986,-81.30500457878836
2641,76.22501359017986,-8.694984720053643
90,76.22501359017986,8.694989615324435
616,76.22501359017986,81.30500776651185
765,76.22501359017986,98.69499041225531
1291,76.22501359017986,171.30501027099
1522,76.54760342467955,-160.21952126787662
1884,76.54760342467955,-109.78047303992172
2197,76.54760342467955,-70.21952559358762
2559,76.54760342467955,-19.780463705254377
172,76.54760342467955,19.78047543071434
534,76.54760342467955,70.21952195112195
847,76.54760342467955,109.78047622764521
1209,76.54760342467955,160.21951762541096
1471,77.47458303845535,-167.1640614649737
1935,77.47458303845535,-102.83594650320295
2146,77.47458303845535,-77.16405213030639
2610,77.47458303845535,-12.835937168535613
121,77.47458303845535,12.835940356259114
585,77.47458303845535,77.16406214821906
796,77.47458303845535,102.83594286073728
1260,77.47458303845535,167.16405782250806
1701,77.79185898578078,-135.00000398408832
2376,77.79185898578078,-45.00000830979934
351,77.79185898578078,45.00000125223908
1026,77.79185898578078,135.00000034162267
1651,77.86120589642391,-142.15128034698338
1755,77.86120589642391,-127.84872762119329
2326,77.86120589642391,-52.15127101231605
2430,77.86120589642391,-37.84871828652595
301,77.86120589642391,37.84871805915486
405,77.86120589642391,52.151284445323306
976,77.86120589642391,127.84872397872762
1080,77.86120589642391,142.15127670451773
1602,78.07701938362881,-149.2659878770622
1804,78.07701938362881,-120.73402009111449
2277,78.07701938362881,-59.265978542394855
2479,78.07701938362881,-30.734010756447148
252,78.07701938362881,30.734007113981477
454,78.07701938362881,59.26598856030752
927,78.07701938362881,120.73400278827047
1129,78.07701938362881,149.26599789497484
1385,78.30321475837212,-177.92585778540754
2021,78.30321475837212,-92.07413652239077
2060,78.30321475837212,-87.92586211111856
2696,78.30321475837212,-2.074154508480123
35,78.30321475837212,2.0741476643632786
671,78.30321475837212,87.92585163846371
710,78.30321475837212,92.07414654030345
1346,78.30321475837212,177.9258541429419
1549,78.46519269453897,-156.3012466467154
1857,78.46519269453897,-113.69876132146128
2224,78.46519269453897,-66.30123731204806
2532,78.46519269453897,-23.698751986793933
199,78.46519269453897,23.698755174517434
507,78.46519269453897,66.30124732996073
874,78.46519269453897,113.6987576789956
1182,78.46519269453897,156.30124300424973
1420,78.90389574492889,-173.83155552895676
1986,78.90389574492889,-96.1684524392199
2095,78.90389574492889,-83.83154619428943
2661,78.90389574492889,-6.1684431045525665
70,78.90389574492889,6.168446292276066
636,78.90389574492889,83.8315562122021
745,78.90389574492889,96.16844879675423
1311,78.90389574492889,173.8315518864911
1502,79.0793906254632,-163.19910933102463
1904,79.0793906254632,-106.80089863715203
2177,79.0793906254632,-73.1990999963573
2579,79.0793906254632,-16.800889302484695
152,79.0793906254632,16.800887367566318
554,79.0793906254632,73.19911001426998
827,79.0793906254632,106.8008881644972
1229,79.0793906254632,163.1991193489373
1451,80.02572016515764,-169.87105667834655
1955,80.02572016515764,-100.12895128983014
2126,80.02572016515764,-79.8710473436792
2630,80.02572016515764,-10.1289419551628
101,80.02572016515764,10.128948557980884
605,80.02572016515764,79.8710505314027
776,80.02572016515764,100.12894764736447
1280,80.02572016515764,169.87105303588086
1677,80.22280527365835,-138.52738687904971
1729,80.22280527365835,-131.47262108912696
2352,80.22280527365835,-48.527391204760725
2404,80.22280527365835,-41.47262541483796
327,80.22280527365835,41.472614942183114
379,80.22280527365835,48.52738414720047
1002,80.22280527365835,131.47261744666127
1054,80.22280527365835,138.52738323658406
1628,80.33363192313098,-145.56298715816143
1778,80.33363192313098,-124.43702081001524
2303,80.33363192313098,-55.5629778234941
2453,80.33363192313098,-34.4370114753479
278,80.33363192313098,34.437018078165984
428,80.33363192313098,55.562984426312184
953,80.33363192313098,124.43701716754957
1103,80.33363192313098,145.56298351569578
1577,80.56798937393246,-152.53779875366004
1829,80.56798937393246,-117.46219555413829
2252,80.56798937393246,-62.53780307937104
2504,80.56798937393246,-27.462186219470958
227,80.56798937393246,27.46219794493092
479,80.56798937393246,62.53779943690537
902,80.56798937393246,117.46219191167262
1154,80.56798937393246,152.53779511119436
1528,80.95580068481661,-159.39917456742307
1878,80.95580068481661,-110.6008334007536
2203,80.95580068481661,-69.39916523275573
2553,80.95580068481661,-20.60082406608627
178,80.95580068481661,20.60082725380977
528,80.95580068481661,69.39917525066839
853,80.95580068481661,110.60082975828793
1203,80.95580068481661,159.3991709249574
1364,81.18137451234546,-179.99999499104368
2039,81.18137451234546,-89.99999931675467
13,81.18137451234546,0.0
689,81.18137451234546,90.00000250447816
1400,81.52649031072785,-176.16298596062725
2006,81.52649031072785,-93.83700834717106
2075,81.52649031072785,-86.16299028633827
2681,81.52649031072785,-3.837026333260414
50,81.52649031072785,3.83701543371875
656,81.52649031072785,86.1629866438726
725,81.52649031072785,93.83701836508374
1331,81.52649031072785,176.1629823181616
1479,81.55694612423694,-166.0710672732316
1927,81.55694612423694,-103.92894069494507
2154,81.55694612423694,-76.07105793856427
2602,81.55694612423694,-13.928931360277733
129,81.55694612423694,13.928937109322172
577,81.55694612423694,76.07106112628776
804,81.55694612423694,103.9289370524794
1252,81.55694612423694,166.07106363076593
1430,82.49559853130428,-172.43038320186366
1976,82.49559853130428,-97.569624766313
2105,82.49559853130428,-82.43037386719634
2651,82.49559853130428,-7.569615431645662
80,82.49559853130428,7.569613496727284
626,82.49559853130428,82.43038388510901
755,82.49559853130428,97.56961429365816
1301,82.49559853130428,172.430379559398
1702,82.64214023994691,-135.00000398408832
2377,82.64214023994691,-45.00000830979934
352,82.64214023994691,45.00000125223908
1027,82.64214023994691,135.00000034162267
1653,82.68262960134675,-141.9707447868416
1753,82.68262960134675,-128.02926318133507
2328,82.68262960134675,-51.970735452174274
2428,82.68262960134675,-38.02925384666773
303,82.68262960134675,38.02925361929664
403,82.68262960134675,51.97074547008694
978,82.68262960134675,128.02925953886938
1078,82.68262960134675,141.97074114437595
1604,82.80860561039846,-148.9000263413329
1802,82.80860561039846,-121.09998162684377
2279,82.80860561039846,-58.90001700666557
2477,82.80860561039846,-31.09997229217643
254,82.80860561039846,31.09996864971076
452,82.80860561039846,58.90003385476741
929,82.80860561039846,121.09996432399976
1127,82.80860561039846,148.90003635924558
1555,83.03508785308692,-155.7389308327266
1851,83.03508785308692,-114.26107713545008
2230,83.03508785308692,-65.73892149805926
2526,83.03508785308692,-24.261067800782744
205,83.03508785308692,24.26106928095895
501,83.03508785308692,65.73893151597193
880,83.03508785308692,114.26106666279524
1176,83.03508785308692,155.7389271902609
1510,83.39347470902665,-162.42052240715654
1896,83.39347470902665,-107.57948556102012
2185,83.39347470902665,-72.42054039324589
2571,83.39347470902665,-17.57947622635279
160,83.39347470902665,17.579472583887117
546,83.39347470902665,72.42052992059105
835,83.39347470902665,107.57947508836529
1221,83.39347470902665,162.4205324250692
1457,83.94730059787713,-168.84090022696853
1949,83.94730059787713,-101.15910774120815
2132,83.94730059787713,-78.84089089230119
2624,83.94730059787713,-11.159098406540803
107,83.94730059787713,11.159102448037949
599,83.94730059787713,78.8408940800247
782,83.94730059787713,101.15910409874247
1274,83.94730059787713,168.84089658450287
1383,84.06524430446491,-178.25169878995217
2023,84.06524430446491,-91.74830917822449
2058,84.06524430446491,-88.25168945528485
2698,84.06524430446491,-1.7482998435571548
33,84.06524430446491,1.74830591276671
673,84.06524430446491,88.25169264300834
708,84.06524430446491,91.74830553575882
1348,84.06524430446491,178.25169514748652
1410,84.8401429261812,-174.8190915999139
1996,84.8401429261812,-95.18091636826279
2085,84.8401429261812,-84.81908226524655
2671,84.8401429261812,-5.180907033595443
60,84.8401429261812,5.180908086884826
646,84.8401429261812,84.81909228315922
735,84.8401429261812,95.18090589560794
1321,84.8401429261812,174.81908795744823
1679,85.09411668027896,-138.45952211945647
1727,85.09411668027896,-131.54047218834185
2354,85.09411668027896,-48.45952644516748
2402,85.09411668027896,-41.54046285367452
329,85.09411668027896,41.54047628668177
377,85.09411668027896,48.459522802701805
1004,85.09411668027896,131.54048220625452
1052,85.09411668027896,138.4595184769908
1630,85.14832106153217,-145.3573848037657
1776,85.14832106153217,-124.64260950403262
2305,85.14832106153217,-55.357389129476715
2451,85.14832106153217,-34.64262749012197
280,85.14832106153217,34.642617017467124
426,85.14832106153217,55.35738207191646
955,85.14832106153217,124.64261952194529
1101,85.14832106153217,145.35738116130005
1581,85.26287699429163,-152.18784718134526
1825,85.26287699429163,-117.81214712645307
2256,85.26287699429163,-62.187851507056266
2500,85.26287699429163,-27.812137791785734
231,85.26287699429163,27.812149517245693
475,85.26287699429163,62.187847864590594
906,85.26287699429163,117.8121434839874
1150,85.26287699429163,152.18785719925793
1534,85.45227813997609,-158.8916505309561
1872,85.45227813997609,-111.10834377684223
2209,85.45227813997609,-68.8916548566671
2547,85.45227813997609,-21.108334442174897
184,85.45227813997609,21.108342752540274
522,85.45227813997609,68.8916580443906
859,85.45227813997609,111.10834013437656
1197,85.45227813997609,158.89166054886877
1485,85.74571672709817,-165.3810405821419
1921,85.74571672709817,-104.61895372565644
2160,85.74571672709817,-75.3810449078529
2596,85.74571672709817,-14.618971711745782
135,85.74571672709817,14.618964654185527
571,85.74571672709817,75.38103443519806
810,85.74571672709817,104.61896374356911
1246,85.74571672709817,165.38103693967622
1436,86.20493083556565,-171.50773392802168
1970,86.20493083556565,-98.492274040155
2111,86.20493083556565,-81.50772459335434
2645,86.20493083556565,-8.492264705487665
86,86.20493083556565,8.492269600758457
620,86.20493083556565,81.50772778107783
761,86.20493083556565,98.49227039768932
1295,86.20493083556565,171.507730285556
1365,86.48926478052411,-179.99999499104368
2040,86.48926478052411,-89.99999931675467
14,86.48926478052411,0.0
690,86.48926478052411,90.00000250447816
1393,86.9900610806586,-176.98590081220874
2013,86.9900610806586,-93.01410715596793
2068,86.9900610806586,-86.9858914775414
2688,86.9900610806586,-3.014097821300598
43,86.9900610806586,3.0141007955806853
663,86.9900610806586,86.98590149545407
718,86.9900610806586,93.01410351350226
1338,86.9900610806586,176.98589716974305
1703,87.54150323348875,-135.00000398408832
2378,87.54150323348875,-45.00000830979934
353,87.54150323348875,45.00000125223908
1028,87.54150323348875,135.00000034162267
1655,87.55478795142443,-141.87950711990857
1751,87.55478795142443,-128.12048718788975
2330,87.55478795142443,-51.879511445619585
2426,87.55478795142443,-38.12047785322242
305,87.55478795142443,38.12049128622967
401,87.55478795142443,51.87950780315391
980,87.55478795142443,128.12049720580242
1076,87.55478795142443,141.8795034774429
1606,87.59612425628134,-148.71451840347535
1800,87.59612425628134,-121.28548956470131
2281,87.59612425628134,-58.71450906880802
2475,87.59612425628134,-31.285480230033976
256,87.59612425628134,31.285483417757476
450,87.59612425628134,58.71451908672069
931,87.59612425628134,121.28548592223564
1125,87.59612425628134,148.7145147610097
1559,87.67038207293773,-155.45210386872108
1847,87.67038207293773,-114.54789043907725
2234,87.67038207293773,-65.45210819443209
2522,87.67038207293773,-24.547908425166597
209,87.67038207293773,24.54789966005905
497,87.67038207293773,65.45209772177724
884,87.67038207293773,114.54790045698992
1172,87.67038207293773,155.4521002262554
1512,87.7877588738244,-162.0186067556363
1894,87.7877588738244,-107.98140121254036
2187,87.7877588738244,-72.01859742096897
2569,87.7877588738244,-17.98139187787302
162,87.7877588738244,17.98139506559652
544,87.7877588738244,72.01860743888165
837,87.7877588738244,107.98139757007469
1219,87.7877588738244,162.01860311317066
1463,87.96894330193733,-168.29575550855313
1943,87.96894330193733,-101.7042387992452
2138,87.96894330193733,-78.29575983426413
2618,87.96894330193733,-11.70422946457786
113,87.96894330193733,11.704242897585114
593,87.96894330193733,78.29575619179846
788,87.96894330193733,101.7042419869687
1268,87.96894330193733,168.29575186608747
1418,88.26107049273877,-174.06249788517323
1988,88.26107049273877,-95.93751008300343
2093,88.26107049273877,-84.06251587126259
2663,88.26107049273877,-5.937500748336095
68,88.26107049273877,5.937497105870424
638,88.26107049273877,84.06250539860774
743,88.26107049273877,95.9374996103486
1313,88.26107049273877,174.0625079030859
1381,88.81643317415251,-178.81618660409706
2025,88.81643317415251,-91.18380770370128
2056,88.81643317415251,-88.81619092980806
2700,88.81643317415251,-1.183825689790621
31,88.81643317415251,1.1838169246830725
675,88.81643317415251,88.81618045715322
706,88.81643317415251,91.18381772161395
1350,88.81643317415251,178.81618296163137
1366,90.00000250447816,-179.99999499104368
1399,90.00000250447816,-176.48926409727878
1442,90.00000250447816,-171.18137382910012
1487,90.00000250447816,-165.1440193575641
1536,90.00000250447816,-158.71946146198007
1583,90.00000250447816,-152.0698351728658
1632,90.00000250447816,-145.28826328936518
1681,90.00000250447816,-138.4367366083853
1726,90.00000250447816,-131.56325769941301
1775,90.00000250447816,-124.71173101843316
1824,90.00000250447816,-117.9301727953109
1871,90.00000250447816,-111.2805465061966
1920,90.00000250447816,-104.85598861061256
1965,90.00000250447816,-98.81862047869821
2008,90.00000250447816,-93.5107438708979
2041,90.00000250447816,-89.99999931675467
2074,90.00000250447816,-86.48925476261144
2117,90.00000250447816,-81.18137815481113
2162,90.00000250447816,-75.14401002289678
2211,90.00000250447816,-68.71945212731274
2258,90.00000250447816,-62.06982583819845
2307,90.00000250447816,-55.28826761507619
2356,90.00000250447816,-48.43674093409631
2401,90.00000250447816,-41.56324836474568
2450,90.00000250447816,-34.711749004522495
2499,90.00000250447816,-27.930163460643552
2546,90.00000250447816,-21.280537171529257
2595,90.00000250447816,-14.855979275945225
2640,90.00000250447816,-8.818611144030873
2683,90.00000250447816,-3.510734536230565
15,90.00000250447816,0.0
49,90.00000250447816,3.5107349491897137
92,90.00000250447816,8.818622869490836
137,90.00000250447816,14.855980756121431
186,90.00000250447816,21.28053523661088
233,90.00000250447816,27.930163233272467
282,90.00000250447816,34.71173511677306
331,90.00000250447816,41.563258382658354
376,90.00000250447816,48.43674070672523
425,90.00000250447816,55.288263972610515
474,90.00000250447816,62.06983585611111
521,90.00000250447816,68.7194621452254
570,90.00000250447816,75.14402004080944
615,90.00000250447816,81.18137451234546
658,90.00000250447816,86.48926478052411
691,90.00000250447816,90.00000250447816
724,90.00000250447816,93.51073339824306
767,90.00000250447816,98.81862366642171
812,90.00000250447816,104.85597813795772
861,90.00000250447816,111.28053603354175
908,90.00000250447816,117.93016915284522
957,90.00000250447816,124.71174103634581
1006,90.00000250447816,131.56325405694736
1051,90.00000250447816,138.43674662629797
1100,90.00000250447816,145.28825964689952
1149,90.00000250447816,152.0698315304001
1196,90.00000250447816,158.71945781951442
1245,90.00000250447816,165.14401571509845
1290,90.00000250447816,171.18137018663444
1333,90.00000250447816,176.4892604548131
1382,91.18356500461465,-178.81618660409706
2026,91.18356500461465,-91.18380770370128
2057,91.18356500461465,-88.81619092980806
2701,91.18356500461465,-1.183825689790621
32,91.18356500461465,1.1838169246830725
676,91.18356500461465,88.81618045715322
707,91.18356500461465,91.18381772161395
1351,91.18356500461465,178.81618296163137
1419,91.73893451621757,-174.06249788517323
1989,91.73893451621757,-95.93751008300343
2094,91.73893451621757,-84.06251587126259
2664,91.73893451621757,-5.937500748336095
69,91.73893451621757,5.937497105870424
639,91.73893451621757,84.06250539860774
744,91.73893451621757,95.9374996103486
1314,91.73893451621757,174.0625079030859
1464,92.03105487682984,-168.29575550855313
1944,92.03105487682984,-101.7042387992452
2139,92.03105487682984,-78.29575983426413
2619,92.03105487682984,-11.70422946457786
114,92.03105487682984,11.704242897585114
594,92.03105487682984,78.29575619179846
789,92.03105487682984,101.7042419869687
1269,92.03105487682984,168.29575186608747
1513,92.21223930494277,-162.0186067556363
1895,92.21223930494277,-107.98140121254036
2188,92.21223930494277,-72.01859742096897
2570,92.21223930494277,-17.98139187787302
163,92.21223930494277,17.98139506559652
545,92.21223930494277,72.01860743888165
838,92.21223930494277,107.98139757007469
1220,92.21223930494277,162.01860311317066
1560,92.32961610582943,-155.45210386872108
1848,92.32961610582943,-114.54789043907725
2235,92.32961610582943,-65.45210819443209
2523,92.32961610582943,-24.547908425166597
210,92.32961610582943,24.54789966005905
498,92.32961610582943,65.45209772177724
885,92.32961610582943,114.54790045698992
1173,92.32961610582943,155.4521002262554
1607,92.40387392248581,-148.71451840347535
1801,92.40387392248581,-121.28548956470131
2282,92.40387392248581,-58.71450906880802
2476,92.40387392248581,-31.285480230033976
257,92.40387392248581,31.285483417757476
451,92.40387392248581,58.71451908672069
932,92.40387392248581,121.28548592223564
1126,92.40387392248581,148.7145147610097
1656,92.44521022734273,-141.87950711990857
1752,92.44521022734273,-128.12048718788975
2331,92.44521022734273,-51.879511445619585
2427,92.44521022734273,-38.12047785322242
306,92.44521022734273,38.12049128622967
402,92.44521022734273,51.87950780315391
981,92.44521022734273,128.12049720580242
1077,92.44521022734273,141.8795034774429
1704,92.45850177546758,-135.00000398408832
2379,92.45850177546758,-45.00000830979934
354,92.45850177546758,45.00000125223908
1029,92.45850177546758,135.00000034162267
1394,93.00993709810855,-176.98590081220874
2014,93.00993709810855,-93.01410715596793
2069,93.00993709810855,-86.9858914775414
2689,93.00993709810855,-3.014097821300598
44,93.00993709810855,3.0141007955806853
664,93.00993709810855,86.98590149545407
719,93.00993709810855,93.01410351350226
1339,93.00993709810855,176.98589716974305
1367,93.51073339824306,-179.99999499104368
2042,93.51073339824306,-89.99999931675467
16,93.51073339824306,0.0
692,93.51073339824306,90.00000250447816
1437,93.79506734320152,-171.50773392802168
1971,93.79506734320152,-98.492274040155
2112,93.79506734320152,-81.50772459335434
2646,93.79506734320152,-8.492264705487665
87,93.79506734320152,8.492269600758457
621,93.79506734320152,81.50772778107783
762,93.79506734320152,98.49227039768932
1296,93.79506734320152,171.507730285556
1486,94.25428145166899,-165.3810405821419
1922,94.25428145166899,-104.61895372565644
2161,94.25428145166899,-75.3810449078529
2597,94.25428145166899,-14.618971711745782
136,94.25428145166899,14.618964654185527
572,94.25428145166899,75.38103443519806
811,94.25428145166899,104.61896374356911
1247,94.25428145166899,165.38103693967622
1535,94.54772003879107,-158.8916505309561
1873,94.54772003879107,-111.10834377684223
2210,94.54772003879107,-68.8916548566671
2548,94.54772003879107,-21.108334442174897
185,94.54772003879107,21.108342752540274
523,94.54772003879107,68.8916580443906
860,94.54772003879107,111.10834013437656
1198,94.54772003879107,158.89166054886877
1582,94.73712118447553,-152.18784718134526
1826,94.73712118447553,-117.81214712645307
2257,94.73712118447553,-62.187851507056266
2501,94.73712118447553,-27.812137791785734
232,94.73712118447553,27.812149517245693
476,94.73712118447553,62.187847864590594
907,94.73712118447553,117.8121434839874
1151,94.73712118447553,152.18785719925793
1631,94.85167711723498,-145.3573848037657
1777,94.85167711723498,-124.64260950403262
2306,94.85167711723498,-55.357389129476715
2452,94.85167711723498,-34.64262749012197
281,94.85167711723498,34.642617017467124
427,94.85167711723498,55.35738207191646
956,94.85167711723498,124.64261952194529
1102,94.85167711723498,145.35738116130005
1680,94.9058814984882,-138.45952211945647
1728,94.9058814984882,-131.54047218834185
2355,94.9058814984882,-48.45952644516748
2403,94.9058814984882,-41.54046285367452
330,94.9058814984882,41.54047628668177
378,94.9058814984882,48.459522802701805
1005,94.9058814984882,131.54048220625452
1053,94.9058814984882,138.4595184769908
1411,95.15985525258596,-174.8190915999139
1997,95.15985525258596,-95.18091636826279
2086,95.15985525258596,-84.81908226524655
2672,95.15985525258596,-5.180907033595443
61,95.15985525258596,5.180908086884826
647,95.15985525258596,84.81909228315922
736,95.15985525258596,95.18090589560794
1322,95.15985525258596,174.81908795744823
1384,95.93475387430225,-178.25169878995217
2024,95.93475387430225,-91.74830917822449
2059,95.93475387430225,-88.25168945528485
2699,95.93475387430225,-1.7482998435571548
34,95.93475387430225,1.74830591276671
674,95.93475387430225,88.25169264300834
709,95.93475387430225,91.74830553575882
1349,95.93475387430225,178.25169514748652
1458,96.05269758089003,-168.84090022696853
1950,96.05269758089003,-101.15910774120815
2133,96.05269758089003,-78.84089089230119
2625,96.05269758089003,-11.159098406540803
108,96.05269758089003,11.159102448037949
600,96.05269758089003,78.8408940800247
783,96.05269758089003,101.15910409874247
1275,96.05269758089003,168.84089658450287
1511,96.60652346974051,-162.42052240715654
1897,96.60652346974051,-107.57948556102012
2186,96.60652346974051,-72.42054039324589
2572,96.60652346974051,-17.57947622635279
161,96.60652346974051,17.579472583887117
547,96.60652346974051,72.42052992059105
836,96.60652346974051,107.57947508836529
1222,96.60652346974051,162.4205324250692
1556,96.96491032568025,-155.7389308327266
1852,96.96491032568025,-114.26107713545008
2231,96.96491032568025,-65.73892149805926
2527,96.96491032568025,-24.261067800782744
206,96.96491032568025,24.26106928095895
502,96.96491032568025,65.73893151597193
881,96.96491032568025,114.26106666279524
1177,96.96491032568025,155.7389271902609
1605,97.1913925683687,-148.9000263413329
1803,97.1913925683687,-121.09998162684377
2280,97.1913925683687,-58.90001700666557
2478,97.1913925683687,-31.09997229217643
255,97.1913925683687,31.09996864971076
453,97.1913925683687,58.90003385476741
930,97.1913925683687,121.09996432399976
1128,97.1913925683687,148.90003635924558
1654,97.31736857742041,-141.9707447868416
1754,97.31736857742041,-128.02926318133507
2329,97.31736857742041,-51.970735452174274
2429,97.31736857742041,-38.02925384666773
304,97.31736857742041,38.02925361929664
404,97.31736857742041,51.97074547008694
979,97.31736857742041,128.02925953886938
1079,97.31736857742041,141.97074114437595
1705,97.35786476900942,-135.00000398408832
2380,97.35786476900942,-45.00000830979934
355,97.35786476900942,45.00000125223908
1030,97.35786476900942,135.00000034162267
1431,97.50440647765204,-172.43038320186366
1977,97.50440647765204,-97.569624766313
2106,97.50440647765204,-82.43037386719634
2652,97.50440647765204,-7.569615431645662
81,97.50440647765204,7.569613496727284
627,97.50440647765204,82.43038388510901
756,97.50440647765204,97.56961429365816
1302,97.50440647765204,172.430379559398
1480,98.44305205453021,-166.0710672732316
1928,98.44305205453021,-103.92894069494507
2155,98.44305205453021,-76.07105793856427
2603,98.44305205453021,-13.928931360277733
130,98.44305205453021,13.928937109322172
578,98.44305205453021,76.07106112628776
805,98.44305205453021,103.9289370524794
1253,98.44305205453021,166.07106363076593
1401,98.4735078680393,-176.16298596062725
2007,98.4735078680393,-93.83700834717106
2076,98.4735078680393,-86.16299028633827
2682,98.4735078680393,-3.837026333260414
51,98.4735078680393,3.83701543371875
657,98.4735078680393,86.1629866438726
726,98.4735078680393,93.83701836508374
1332,98.4735078680393,176.1629823181616
1368,98.81862366642171,-179.99999499104368
2043,98.81862366642171,-89.99999931675467
17,98.81862366642171,0.0
693,98.81862366642171,90.00000250447816
1529,99.04419749395055,-159.39917456742307
1879,99.04419749395055,-110.6008334007536
2204,99.04419749395055,-69.39916523275573
2554,99.04419749395055,-20.60082406608627
179,99.04419749395055,20.60082725380977
529,99.04419749395055,69.39917525066839
854,99.04419749395055,110.60082975828793
1204,99.04419749395055,159.3991709249574
1578,99.43200880483471,-152.53779875366004
1830,99.43200880483471,-117.46219555413829
2253,99.43200880483471,-62.53780307937104
2505,99.43200880483471,-27.462186219470958
228,99.43200880483471,27.46219794493092
480,99.43200880483471,62.53779943690537
903,99.43200880483471,117.46219191167262
1155,99.43200880483471,152.53779511119436
1629,99.66636625563618,-145.56298715816143
1779,99.66636625563618,-124.43702081001524
2304,99.66636625563618,-55.5629778234941
2454,99.66636625563618,-34.4370114753479
279,99.66636625563618,34.437018078165984
429,99.66636625563618,55.562984426312184
954,99.66636625563618,124.43701716754957
1104,99.66636625563618,145.56298351569578
1678,99.77719973529798,-138.52738687904971
1730,99.77719973529798,-131.47262108912696
2353,99.77719973529798,-48.527391204760725
2405,99.77719973529798,-41.47262541483796
328,99.77719973529798,41.472614942183114
380,99.77719973529798,48.52738414720047
1003,99.77719973529798,131.47261744666127
1055,99.77719973529798,138.52738323658406
1452,99.97427801360952,-169.87105667834655
1956,99.97427801360952,-100.12895128983014
2127,99.97427801360952,-79.8710473436792
2631,99.97427801360952,-10.1289419551628
102,99.97427801360952,10.128948557980884
606,99.97427801360952,79.8710505314027
777,99.97427801360952,100.12894764736447
1281,99.97427801360952,169.87105303588086
1503,100.92060755330397,-163.19910933102463
1905,100.92060755330397,-106.80089863715203
2178,100.92060755330397,-73.1990999963573
2580,100.92060755330397,-16.800889302484695
153,100.92060755330397,16.800887367566318
555,100.92060755330397,73.19911001426998
828,100.92060755330397,106.8008881644972
1230,100.92060755330397,163.1991193489373
1421,101.09610243383827,-173.83155552895676
1987,101.09610243383827,-96.1684524392199
2096,101.09610243383827,-83.83154619428943
2662,101.09610243383827,-6.1684431045525665
71,101.09610243383827,6.168446292276066
637,101.09610243383827,83.8315562122021
746,101.09610243383827,96.16844879675423
1312,101.09610243383827,173.8315518864911
1550,101.53480548422819,-156.3012466467154
1858,101.53480548422819,-113.69876132146128
2225,101.53480548422819,-66.30123731204806
2533,101.53480548422819,-23.698751986793933
200,101.53480548422819,23.698755174517434
508,101.53480548422819,66.30124732996073
875,101.53480548422819,113.6987576789956
1183,101.53480548422819,156.30124300424973
1386,101.69678342039504,-177.92585778540754
2022,101.69678342039504,-92.07413652239077
2061,101.69678342039504,-87.92586211111856
2697,101.69678342039504,-2.074154508480123
36,101.69678342039504,2.0741476643632786
672,101.69678342039504,87.92585163846371
711,101.69678342039504,92.07414654030345
1347,101.69678342039504,177.9258541429419
1603,101.92297879513835,-149.2659878770622
1805,101.92297879513835,-120.73402009111449
2278,101.92297879513835,-59.265978542394855
2480,101.92297879513835,-30.734010756447148
253,101.92297879513835,30.734007113981477
455,101.92297879513835,59.26598856030752
928,101.92297879513835,120.73400278827047
1130,101.92297879513835,149.26599789497484
1652,102.13879228234325,-142.15128034698338
1756,102.13879228234325,-127.84872762119329
2327,102.13879228234325,-52.15127101231605
2431,102.13879228234325,-37.84871828652595
302,102.13879228234325,37.84871805915486
406,102.13879228234325,52.151284445323306
977,102.13879228234325,127.84872397872762
1081,102.13879228234325,142.15127670451773
1706,102.2081391929864,-135.00000398408832
2381,102.2081391929864,-45.00000830979934
356,102.2081391929864,45.00000125223908
1031,102.2081391929864,135.00000034162267
1472,102.52541514031182,-167.1640614649737
1936,102.52541514031182,-102.83594650320295
2147,102.52541514031182,-77.16405213030639
2611,102.52541514031182,-12.835937168535613
122,102.52541514031182,12.835940356259114
586,102.52541514031182,77.16406214821906
797,102.52541514031182,102.83594286073728
1261,102.52541514031182,167.16405782250806
1523,103.4523947540876,-160.21952126787662
1885,103.4523947540876,-109.78047303992172
2198,103.4523947540876,-70.21952559358762
2560,103.4523947540876,-19.780463705254377
173,103.4523947540876,19.78047543071434
535,103.4523947540876,70.21952195112195
848,103.4523947540876,109.78047622764521
1210,103.4523947540876,160.21951762541096
1441,103.77498458858732,-171.3050139134557
1967,103.77498458858732,-98.69499405472098
2116,103.77498458858732,-81.30500457878836
2642,103.77498458858732,-8.694984720053643
91,103.77498458858732,8.694989615324435
617,103.77498458858732,81.30500776651185
766,103.77498458858732,98.69499041225531
1292,103.77498458858732,171.30501027099
1574,104.05229026888983,-153.10949924756844
1834,104.05229026888983,-116.89050872060822
2249,104.05229026888983,-63.109489912901104
2509,104.05229026888983,-26.890499385940892
224,104.05229026888983,26.890500866117097
484,104.05229026888983,63.109499930813776
899,104.05229026888983,116.89050507814255
1159,104.05229026888983,153.10949560510278
1625,104.41501429495253,-145.90074001261857
1783,104.41501429495253,-124.09925429517976
2300,104.41501429495253,-55.90074433832957
2458,104.41501429495253,-34.09924496051243
275,104.41501429495253,34.0992549784251
433,104.41501429495253,55.900744110958485
950,104.41501429495253,124.09925065271409
1108,104.41501429495253,145.90075003053124
1405,104.57779136325227,-175.60392131668337
2003,104.57779136325227,-94.39607299111495
2080,104.57779136325227,-85.60392564239439
2678,104.57779136325227,-4.396063656447618
55,104.57779136325227,4.396071966812994
653,104.57779136325227,85.60392883011788
730,104.57779136325227,94.39606934864928
1328,104.57779136325227,175.60393133459604
1676,104.58652717520071,-138.63914243424946
1732,104.58652717520071,-131.3608655339272
2351,104.58652717520071,-48.63913309958213
2407,104.58652717520071,-41.360856199259864
326,104.58652717520071,41.360862802077946
382,104.58652717520071,48.63913628730563
1001,104.58652717520071,131.36086189146152
1057,104.58652717520071,138.6391387917838
1369,104.85597813795772,-179.99999499104368
2044,104.85597813795772,-89.99999931675467
18,104.85597813795772,0.0
694,104.85597813795772,90.00000250447816
1493,105.12660389325197,-164.31674684529216
1915,105.12660389325197,-105.6832611228845
2168,105.12660389325197,-74.3167648313815
2590,105.12660389325197,-15.68325178821717
143,105.12660389325197,15.683248145751499
565,105.12660389325197,74.31675435872667
818,105.12660389325197,105.68325065022967
1240,105.12660389325197,164.31675686320483
1546,106.01258871162933,-157.1217845924657
1862,106.01258871162933,-112.87820971533262
2221,106.01258871162933,-67.12178891817672
2537,106.01258871162933,-22.878227701421963
196,106.01258871162933,22.87821552121983
512,106.01258871162933,67.12178527571105
871,106.01258871162933,112.87821290305612
1187,106.01258871162933,157.12178095000004
1460,106.48786059483551,-168.60494451190127
1948,106.48786059483551,-101.39504979589707
2135,106.48786059483551,-78.60494883761227
2623,106.48786059483551,-11.395067781986404
110,106.48786059483551,11.395059870652501
598,106.48786059483551,78.60493836495743
785,106.48786059483551,101.39505981380972
1273,106.48786059483551,168.6049408694356
1597,106.57424199726866,-149.80480784030615
1811,106.57424199726866,-120.19520012787052
2272,106.57424199726866,-59.804798505638814
2486,106.57424199726866,-30.19519079320318
247,106.57424199726866,30.195190565832096
461,106.57424199726866,59.804808523551486
922,106.57424199726866,120.19519648540485
1136,106.57424199726866,149.8048041978405
1650,106.88676413293176,-142.41829976239586
1758,106.88676413293176,-127.58169454540247
2325,106.88676413293176,-52.418304088106865
2433,106.88676413293176,-37.58171253149181
300,106.88676413293176,37.58170205883697
408,106.88676413293176,52.4183004456412
975,106.88676413293176,127.58170456331514
1083,106.88676413293176,142.4182961199302
1707,106.9872020646768,-135.00000398408832
2382,106.9872020646768,-45.00000830979934
357,106.9872020646768,45.00000125223908
1032,106.9872020646768,135.00000034162267
1425,107.45897006083875,-173.07289909708678
1983,107.45897006083875,-96.92709521071156
2100,107.45897006083875,-83.07290342279778
2658,107.45897006083875,-6.927085876044223
75,107.45897006083875,6.927098882164654
633,107.45897006083875,83.07289978033211
750,107.45897006083875,96.92709839843506
1308,107.45897006083875,173.0728954546211
1515,107.75367223295729,-161.3265993096873
1893,107.75367223295729,-108.67340865848936
2190,107.75367223295729,-71.32661729577664
2568,107.75367223295729,-18.673399323822032
165,107.75367223295729,18.67339568135636
543,107.75367223295729,71.32660682312181
840,107.75367223295729,108.67339818583453
1218,107.75367223295729,161.32660932759998
1388,107.96753911624873,-177.67428825789764
2020,107.96753911624873,-92.32570604990069
2063,107.96753911624873,-87.67429258360865
2695,107.96753911624873,-2.325724035990033
38,107.96753911624873,2.3257184725336577
670,107.96753911624873,87.67428211095381
713,107.96753911624873,92.32571606781336
1345,107.96753911624873,177.67428461543196
1568,108.57936697153096,-153.89126903958976
1840,108.57936697153096,-116.10872526820857
2243,108.57936697153096,-63.89127336530077
2515,108.57936697153096,-26.108715933541234
218,108.57936697153096,26.108725951453902
490,108.57936697153096,63.89127655302426
893,108.57936697153096,116.1087216257429
1165,108.57936697153096,153.89127905750243
1621,109.08002666788207,-146.36595785736648
1787,109.08002666788207,-123.63403645043186
2296,109.08002666788207,-56.36596218307748
2462,109.08002666788207,-33.63402711576452
271,109.08002666788207,33.63403713367719
437,109.08002666788207,56.36596195570639
946,109.08002666788207,123.6340328079662
1112,109.08002666788207,146.36596787527915
1482,109.21611818709457,-165.73754913605987
1926,109.21611818709457,-104.26244517173845
2157,109.21611818709457,-75.73755346177089
2601,109.21611818709457,-14.262435837071116
132,109.21611818709457,14.26244927007837
576,109.21611818709457,75.73754981930522
807,109.21611818709457,104.26244835946196
1251,109.21611818709457,165.7375454935942
1674,109.31698642075732,-138.79355935100511
1734,109.31698642075732,-131.20644861717156
2349,109.31698642075732,-48.79355001633778
2409,109.31698642075732,-41.20643928250422
324,109.31698642075732,41.2064458853223
384,109.31698642075732,48.793556619155865
999,109.31698642075732,131.20644497470587
1059,109.31698642075732,138.79355570853946
1446,110.3332980786877,-170.34921090138243
1962,110.3332980786877,-99.65078340641588
2121,110.3332980786877,-80.34921522709345
2637,110.3332980786877,-9.650774071748547
96,110.3332980786877,9.650784943434862
612,110.3332980786877,80.34921841481695
771,110.3332980786877,99.65078659413939
1287,110.3332980786877,170.3492209192951
1540,110.38632766740369,-158.18412489521282
1868,110.38632766740369,-111.81586941258551
2215,110.38632766740369,-68.18412922092382
2543,110.38632766740369,-21.815887398674857
190,110.38632766740369,21.815876926020017
518,110.38632766740369,68.18412557845815
865,110.38632766740369,111.81587943049819
1193,110.38632766740369,158.18412125274713
1409,111.03872001616662,-175.12670965975292
1999,111.03872001616662,-94.8732846480454
2084,111.03872001616662,-85.12671398546394
2674,111.03872001616662,-4.873302634134749
59,111.03872001616662,4.873293015253554
649,111.03872001616662,85.12671034299827
734,111.03872001616662,94.87329466595807
1324,111.03872001616662,175.12670601728726
1595,111.13292881538861,-150.50977898529985
1813,111.13292881538861,-119.49021532249849
2270,111.13292881538861,-60.50978331101086
2488,111.13292881538861,-29.490233308587825
245,111.13292881538861,29.490222835932983
463,111.13292881538861,60.509779668545185
920,111.13292881538861,119.49022534041116
1138,111.13292881538861,150.5097753428342
1370,111.28053603354175,-179.99999499104368
2045,111.28053603354175,-89.99999931675467
19,111.28053603354175,0.0
695,111.28053603354175,90.00000250447816
1646,111.54939960003014,-142.76956273103127
1762,111.54939960003014,-127.23043157676705
2321,111.54939960003014,-52.76956705674228
2437,111.54939960003014,-37.23044956285639
296,111.54939960003014,37.23043909020156
412,111.54939960003014,52.76956341427661
971,111.54939960003014,127.23044159467972
1087,111.54939960003014,142.76955908856561
1708,111.68336693041077,-135.00000398408832
2383,111.68336693041077,-45.00000830979934
358,111.68336693041077,45.00000125223908
1033,111.68336693041077,135.00000034162267
1509,111.94335125097813,-162.69887993659125
1899,111.94335125097813,-107.30111437120709
2184,111.94335125097813,-72.69888426230224
2574,111.94335125097813,-17.301132357296428
159,111.94335125097813,17.301125299736174
549,111.94335125097813,72.69887378964741
834,111.94335125097813,107.30112438911975
1224,111.94335125097813,162.69887629412557
1566,113.00628578018302,-154.87437914796473
1842,113.00628578018302,-115.12561515983361
2241,113.00628578018302,-64.87438347367572
2517,113.00628578018302,-25.125633145922958
216,113.00628578018302,25.125622673268115
492,113.00628578018302,64.87437983121005
891,113.00628578018302,115.12562517774629
1167,113.00628578018302,154.87437550549905
1470,113.19180054822974,-167.4352746165366
1938,113.19180054822974,-102.56473335164009
2145,113.19180054822974,-77.43526528186925
2613,113.19180054822974,-12.564724016972747
120,113.19180054822974,12.564728058469893
588,113.19180054822974,77.43527529978192
795,113.19180054822974,102.56472970917442
1263,113.19180054822974,167.4352709740709
1617,113.65413605314791,-146.9557856733321
1791,113.65413605314791,-123.04420863446623
2292,113.65413605314791,-56.9557899990431
2466,113.65413605314791,-33.04422662055558
267,113.65413605314791,33.04421956299532
441,113.65413605314791,56.955782941482845
942,113.65413605314791,123.0442186523789
1116,113.65413605314791,146.95578203086643
1672,113.96140577333927,-138.99005023304804
1736,113.96140577333927,-131.00994407475028
2347,113.96140577333927,-48.99006821913739
2411,113.96140577333927,-41.00994840046129
322,113.96140577333927,41.00994475799562
386,113.96140577333927,48.99005433138796
997,113.96140577333927,131.00994043228462
1061,113.96140577333927,138.9900602509607
1433,114.07065464911362,-172.36798259360643
1975,114.07065464911362,-97.63202537457023
2108,114.07065464911362,-82.3679732589391
2650,114.07065464911362,-7.632016039902899
83,114.07065464911362,7.6320141049845205
625,114.07065464911362,82.36798327685177
758,114.07065464911362,97.6320149019154
1300,114.07065464911362,172.3679926115191
1390,114.52627607807766,-177.43919314666581
2018,114.52627607807766,-92.56080116113253
2065,114.52627607807766,-87.4391974723768
2693,114.52627607807766,-2.5608191472218715
40,114.52627607807766,2.5608103821143233
668,114.52627607807766,87.43918699972197
715,114.52627607807766,92.5608111790452
1343,114.52627607807766,177.43918950420013
1527,114.65419186085366,-159.47746219568975
1881,114.65419186085366,-110.52253211210858
2202,114.65419186085366,-69.47746652140076
2556,114.65419186085366,-20.522522777441242
177,114.65419186085366,20.522532795353914
531,114.65419186085366,69.47746970912425
852,114.65419186085366,110.52253529983209
1206,114.65419186085366,159.47747221360243
1587,115.59588370210166,-151.37784138729512
1821,115.59588370210166,-118.62215292050323
2262,115.59588370210166,-61.37784571300612
2496,115.59588370210166,-28.622170906592565
237,115.59588370210166,28.622163849032308
471,115.59588370210166,61.377835240351274
912,115.59588370210166,118.6221629384159
1146,115.59588370210166,151.37783774482943
1491,116.02427316684486,-164.32360435521886
1917,116.02427316684486,-105.67640361295781
2166,116.02427316684486,-74.32359502055152
2592,116.02427316684486,-15.676394278290477
141,116.02427316684486,15.67639405091939
567,116.02427316684486,74.3236050384642
816,116.02427316684486,105.67639314030298
1242,116.02427316684486,164.32360071275318
1644,116.12333823056673,-143.2047140830528
1764,116.12333823056673,-126.79529388512388
2319,116.12333823056673,-53.20470474838546
2439,116.12333823056673,-36.79528455045654
294,116.12333823056673,36.79528773818004
414,116.12333823056673,53.20471135120354
969,116.12333823056673,126.79529024265821
1089,116.12333823056673,143.20471044058712
1709,116.2932596767383,-135.00000398408832
2384,116.2932596767383,-45.00000830979934
359,116.2932596767383,45.00000125223908
1034,116.2932596767383,135.00000034162267
1456,117.0603445620441,-169.39585309703207
1952,117.0603445620441,-100.60414121076626
2131,117.0603445620441,-79.39585742274308
2627,117.0603445620441,-10.604131876098927
106,117.0603445620441,10.604141894011596
602,117.0603445620441,79.39586061046657
781,117.0603445620441,100.60414439848977
1277,117.0603445620441,169.39586311494475
1552,117.3334155250612,-156.05585161021517
1856,117.3334155250612,-113.94415635796149
2227,117.3334155250612,-66.05586959630453
2531,117.3334155250612,-23.94414702329415
202,117.3334155250612,23.94414338082848
506,117.3334155250612,66.05585912364968
877,117.3334155250612,113.94414588530665
1181,117.3334155250612,156.05586162812784
1413,117.70895298600685,-174.64757188947652
1995,117.70895298600685,-95.35243607870014
2088,117.70895298600685,-84.6475625548092
2670,117.70895298600685,-5.352426744032803
63,117.70895298600685,5.352429504869479
645,117.70895298600685,84.64757257272187
738,117.70895298600685,95.35243243623447
1320,117.70895298600685,174.64756824701087
1371,117.93016915284522,-179.99999499104368
2046,117.93016915284522,-89.99999931675467
20,117.93016915284522,0.0
696,117.93016915284522,90.00000250447816
1615,118.13706924318325,-147.67087915867575
1793,118.13706924318325,-122.32911514912259
2290,118.13706924318325,-57.670883484386756
2468,118.13706924318325,-32.329133135211926
265,118.13706924318325,32.32912607765167
443,118.13706924318325,57.67087301173191
940,118.13706924318325,122.32912516703524
1118,118.13706924318325,147.6708755162101
1670,118.51942323292056,-139.22925711816023
1738,118.51942323292056,-130.7707371896381
2345,118.51942323292056,-49.22926144387124
2413,118.51942323292056,-40.770755175727444
320,118.51942323292056,40.77074128797802
388,118.51942323292056,49.229257801405566
995,118.51942323292056,130.77074720755078
1063,118.51942323292056,139.22925347569455
1517,118.81940514126752,-160.9990917389852
1891,118.81940514126752,-109.00090256881315
2192,118.81940514126752,-70.99909606469619
2566,118.81940514126752,-19.000893234145803
167,118.81940514126752,19.000904959605766
541,118.81940514126752,70.99909242223052
842,118.81940514126752,109.00090575653664
1216,118.81940514126752,160.99908809651953
1580,119.96516937453715,-152.41135829174476
1828,119.96516937453715,-117.58863601605357
2255,119.96516937453715,-62.411362617455765
2503,119.96516937453715,-27.588654002142913
230,119.96516937453715,27.588643529488074
478,119.96516937453715,62.411358974990094
905,119.96516937453715,117.58864603396624
1153,119.96516937453715,152.41135464927908
1478,120.00184749038013,-166.19834101822562
1930,120.00184749038013,-103.80165328957271
2153,120.00184749038013,-76.19834534393662
2605,120.00184749038013,-13.801671275662057
128,120.00184749038013,13.801660803007216
580,120.00184749038013,76.19834170147095
803,120.00184749038013,103.80166330748538
1255,120.00184749038013,166.19833737575996
1640,120.61045832656328,-143.72619902618328
1768,120.61045832656328,-126.27379528161507
2315,120.61045832656328,-53.72620335189427
2443,120.61045832656328,-36.27381326770441
290,120.61045832656328,36.27380621014415
418,120.61045832656328,53.72619287923943
965,120.61045832656328,126.27380529952774
1093,120.61045832656328,143.7261953837176
1710,120.818792756627,-135.00000398408832
2385,120.818792756627,-45.00000830979934
360,120.818792756627,45.00000125223908
1035,120.818792756627,135.00000034162267
1435,120.82846430449175,-171.61741310571372
1973,120.82846430449175,-98.3825812020846
2110,120.82846430449175,-81.61741743142474
2648,120.82846430449175,-8.38259918817394
85,120.82846430449175,8.38259298438733
623,120.82846430449175,81.61740695876989
760,120.82846430449175,98.38259121999727
1298,120.82846430449175,171.61740946324807
1392,121.25484569361896,-177.18771924180427
2016,121.25484569361896,-92.8122887263724
2067,121.25484569361896,-87.18770990713693
2691,121.25484569361896,-2.812279391705061
42,121.25484569361896,2.812287488627026
666,121.25484569361896,87.18771309486044
717,121.25484569361896,92.81228508390673
1341,121.25484569361896,177.18771559933862
1544,121.56445816869564,-157.44013970968
1864,121.56445816869564,-112.55986825849666
2219,121.56445816869564,-67.44013037501267
2539,121.56445816869564,-22.559858923829328
194,121.56445816869564,22.55986381910012
514,121.56445816869564,67.44013356273616
869,121.56445816869564,112.55986461603099
1189,121.56445816869564,157.44013606721433
1609,122.53217303068139,-148.5165795213284
1799,122.53217303068139,-121.48342844684828
2284,122.53217303068139,-58.516570186661056
2474,122.53217303068139,-31.483419112180947
259,122.53217303068139,31.483415469715275
449,122.53217303068139,58.51658020457372
934,122.53217303068139,121.48341114400426
1124,122.53217303068139,148.51658953924107
1507,122.88663252784838,-162.75543390291895
1901,122.88663252784838,-107.24456040487938
2182,122.88663252784838,-72.75543822862996
2576,122.88663252784838,-17.244551070212044
157,122.88663252784838,17.244561088124712
551,122.88663252784838,72.75544141635345
832,122.88663252784838,107.24456359260287
1226,122.88663252784838,162.75544392083162
1668,122.99446755446453,-139.51339298763276
1740,122.99446755446453,-130.48660132016556
2343,122.99446755446453,-49.513397313343766
2415,122.99446755446453,-40.48659198549824
318,122.99446755446453,40.48660541850549
390,122.99446755446453,49.513393670878095
993,122.99446755446453,130.48661133807823
1065,122.99446755446453,139.5133893451671
1462,123.88109441062389,-168.33119052996716
1946,123.88109441062389,-101.66880377783117
2137,123.88109441062389,-78.33119485567816
2621,123.88109441062389,-11.668821763920516
112,123.88109441062389,11.668812998812966
596,123.88109441062389,78.33118438302333
787,123.88109441062389,101.66881379574384
1271,123.88109441062389,168.3311868875015
1570,124.24493858771046,-153.61931822759652
1838,124.24493858771046,-116.3806760802018
2245,124.24493858771046,-63.61932255330754
2513,124.24493858771046,-26.38069406629114
220,124.24493858771046,26.380681886089008
488,124.24493858771046,63.61931891084187
895,124.24493858771046,116.38068609811447
1163,124.24493858771046,153.61931458513087
1417,124.50089309666753,-174.10954422817628
1991,124.50089309666753,-95.89046374000038
2092,124.50089309666753,-84.10953489350895
2666,124.50089309666753,-5.890454405333047
67,124.50089309666753,5.890459727490662
641,124.50089309666753,84.10953808123244
742,124.50089309666753,95.89046009753471
1316,124.50089309666753,174.10954058571062
1372,124.71174103634581,-179.99999499104368
2047,124.71174103634581,-89.99999931675467
21,124.71174103634581,0.0
697,124.71174103634581,90.00000250447816
1638,125.01506973738609,-144.3399871457573
1770,125.01506973738609,-125.66000716204104
2313,125.01506973738609,-54.339991471468295
2445,125.01506973738609,-35.6599978273737
288,125.01506973738609,35.66000784528637
420,125.01506973738609,54.339994659191795
963,125.01506973738609,125.66000351957537
1095,125.01506973738609,144.33999716366995
1711,125.26438530246989,-135.00000398408832
2386,125.26438530246989,-45.00000830979934
361,125.26438530246989,45.00000125223908
1036,125.26438530246989,135.00000034162267
1531,125.70371673026345,-159.0400432208638
1877,125.70371673026345,-110.9599374265562
2206,125.70371673026345,-69.04006120695314
2552,125.70371673026345,-20.95995541264554
181,125.70371673026345,20.95995177017987
527,125.70371673026345,69.0400507342983
856,125.70371673026345,110.95995427465803
1202,125.70371673026345,159.04005323877647
1599,126.8440577933321,-149.50389702623207
1809,126.8440577933321,-120.4961109419446
2274,126.8440577933321,-59.503887691564735
2484,126.8440577933321,-30.496101607277264
249,126.8440577933321,30.49610479500076
459,126.8440577933321,59.503890879288235
924,126.8440577933321,120.49610729947892
1134,126.8440577933321,149.5038933837664
1489,126.85984919069317,-164.76277185847235
1919,126.85984919069317,-105.237222449326
2164,126.85984919069317,-74.76277618418334
2594,126.85984919069317,-15.237213114658656
139,126.85984919069317,15.237224840118618
569,126.85984919069317,74.76277254171767
814,126.85984919069317,105.23722563704949
1244,126.85984919069317,164.76278187638502
1666,127.39147013455194,-139.84670621912937
1742,127.39147013455194,-130.15328808866894
2341,127.39147013455194,-49.846710544840384
2417,127.39147013455194,-40.15330607475829
316,127.39147013455194,40.15329901719804
392,127.39147013455194,49.84670348728013
991,127.39147013455194,130.15329810658162
1067,127.39147013455194,139.84670257666372
1444,127.66521045610772,-170.7410315333094
1964,127.66521045610772,-99.25897643486728
2119,127.66521045610772,-80.74102219864206
2639,127.66521045610772,-9.258967100199936
94,127.66521045610772,9.258970287923436
614,127.66521045610772,80.74103221655473
769,127.66521045610772,99.25897279240161
1289,127.66521045610772,170.74102789084372
1396,128.07957071229572,-176.89303756025325
2012,128.07957071229572,-93.10697040792343
2071,128.07957071229572,-86.89302822558591
2687,128.07957071229572,-3.106961073256091
46,128.07957071229572,3.106967249187352
662,128.07957071229572,86.8930314133094
721,128.07957071229572,93.10696676545776
1337,128.07957071229572,176.89303391778756
1564,128.43943971928533,-155.01841417718194
1844,128.43943971928533,-114.98158013061638
2239,128.43943971928533,-65.01841850289296
2519,128.43943971928533,-24.981570795949047
214,128.43943971928533,24.98158252140901
494,128.43943971928533,65.01841486042728
889,128.43943971928533,114.98157648815071
1169,128.43943971928533,155.0184241950946
1634,129.3420355577242,-145.05641934817828
1774,129.3420355577242,-124.94357495962007
2309,129.3420355577242,-55.05642367388927
2449,129.3420355577242,-34.943592945709405
284,129.3420355577242,34.94358247305456
424,129.3420355577242,55.05641661632902
959,129.3420355577242,124.94358497753274
1099,129.3420355577242,145.0564157057126
1712,129.6352145976578,-135.00000398408832
2387,129.6352145976578,-45.00000830979934
362,129.6352145976578,45.00000125223908
1037,129.6352145976578,135.00000034162267
1519,129.7545926439713,-160.8779378434875
1889,129.7545926439713,-109.12207012468916
2194,129.7545926439713,-70.87792850882018
2564,129.7545926439713,-19.12206079002183
169,129.7545926439713,19.122069100387204
539,129.7545926439713,70.87793169654367
844,129.7545926439713,109.12206648222349
1214,129.7545926439713,160.87793420102184
1474,130.74117248844462,-167.04813949438025
1934,130.74117248844462,-102.95186847379641
2149,130.74117248844462,-77.04813015971293
2609,130.74117248844462,-12.95185913912907
124,130.74117248844462,12.95185976553163
584,130.74117248844462,77.0481401776256
799,130.74117248844462,102.95185800114156
1259,130.74117248844462,167.0481358519146
1593,131.0769309276641,-150.65059016522883
1815,131.0769309276641,-119.3494041425695
2268,131.0769309276641,-60.65059449093984
2490,131.0769309276641,-29.34942212865884
243,131.0769309276641,29.349411656004
465,131.0769309276641,60.65059084847417
918,131.0769309276641,119.34941416048217
1140,131.0769309276641,150.65058652276315
1423,131.35476936272187,-173.45810810589714
1985,131.35476936272187,-96.54189986227952
2098,131.35476936272187,-83.4581260919865
2660,131.35476936272187,-6.541890527612184
73,131.35476936272187,6.54188645825969
635,131.35476936272187,83.45811561933165
748,131.35476936272187,96.54188938962469
1310,131.35476936272187,173.4581181238098
1373,131.56325405694736,-179.99999499104368
2048,131.56325405694736,-89.99999931675467
22,131.56325405694736,0.0
698,131.56325405694736,90.00000250447816
1664,131.71538969052023,-140.2358903980367
1744,131.71538969052023,-129.76410390976162
2339,131.71538969052023,-50.23589472374771
2419,131.71538969052023,-39.76409457509428
314,131.71538969052023,39.764104593006955
394,131.71538969052023,50.23589449637663
989,131.71538969052023,129.76410026729596
1069,131.71538969052023,140.23590041594937
1548,132.55174635438829,-156.63453255745534
1860,132.55174635438829,-113.36544808996464
2223,132.55174635438829,-66.63455054354469
2535,132.55174635438829,-23.36546607605399
198,132.55174635438829,23.36546072604103
510,132.55174635438829,66.63454007088984
873,132.55174635438829,113.36545810787732
1185,132.55174635438829,156.63454257536802
1627,133.59560416524133,-145.89115042702386
1781,133.59560416524133,-124.10884388077446
2302,133.59560416524133,-55.89115475273487
2456,133.59560416524133,-34.108834546107126
277,133.59560416524133,34.1088445640198
431,133.59560416524133,55.89115794045837
952,133.59560416524133,124.10884023830879
1106,133.59560416524133,145.89116044493653
1505,133.71853390992322,-162.9872505233492
1903,133.71853390992322,-107.01274378444914
2180,133.71853390992322,-72.9872548490602
2578,133.71853390992322,-17.012761770538493
155,133.71853390992322,17.012754712978236
553,133.71853390992322,72.98724437640534
830,133.71853390992322,107.01275380236181
1228,133.71853390992322,162.9872468808835
1713,133.93599347271808,-135.00000398408832
2388,133.93599347271808,-45.00000830979934
363,133.93599347271808,45.00000125223908
1038,133.93599347271808,135.00000034162267
1454,134.5301243078608,-169.65086503988366
1954,134.5301243078608,-100.34912926791466
2129,134.5301243078608,-79.65086936559467
2629,134.5301243078608,-10.349119933247332
104,134.5301243078608,10.349132512480939
604,134.5301243078608,79.650865723129
779,134.5301243078608,100.34913245563817
1279,134.5301243078608,169.650861397418
1398,134.9472849416085,-176.5252865149614
2010,134.9472849416085,-93.47470779283691
2073,134.9472849416085,-86.52529084067243
2685,134.9472849416085,-3.4747257789262576
48,134.9472849416085,3.4747133852807126
660,134.9472849416085,86.52528719820675
723,134.9472849416085,93.47471098056042
1335,134.9472849416085,176.52528287249575
1585,135.2337977169122,-151.9829551666232
1823,135.2337977169122,-118.01705280155345
2260,135.2337977169122,-61.98294583195588
2498,135.2337977169122,-28.017043466886115
235,135.2337977169122,28.017050069704197
473,135.2337977169122,61.98294901967938
910,135.2337977169122,118.01704915908778
1148,135.2337977169122,151.98295152415756
1662,135.97028335473632,-140.6908902797863
1746,135.97028335473632,-129.30910402801206
2337,135.97028335473632,-50.690894605497284
2421,135.97028335473632,-39.30909469334472
312,135.97028335473632,39.30910812635197
396,135.97028335473632,50.690894378126195
987,135.97028335473632,129.30910038554637
1071,135.97028335473632,140.6908866373206
1538,136.58300596479984,-158.50497986166334
1870,136.58300596479984,-111.495014446135
2213,136.58300596479984,-68.50498418737433
2545,136.58300596479984,-21.49503243222434
188,136.58300596479984,21.495018544474913
520,136.58300596479984,68.50498054490866
863,136.58300596479984,111.4950176338585
1195,136.58300596479984,158.50497621919766
1484,137.59440671671697,-165.41508224496525
1924,137.59440671671697,-104.5849120628331
2159,137.59440671671697,-75.41508657067624
2599,137.59440671671697,-14.58493004892244
134,137.59440671671697,14.584916161173012
574,137.59440671671697,75.41508292821057
809,137.59440671671697,104.58491525055659
1249,137.59440671671697,165.41507860249956
1619,137.77868522052393,-146.86692491223022
1789,137.77868522052393,-123.13308305594644
2294,137.77868522052393,-56.86691557756289
2464,137.77868522052393,-33.1330737212791
269,137.77868522052393,33.13307349390802
439,137.77868522052393,56.866925595475564
944,137.77868522052393,123.13307941348077
1114,137.77868522052393,146.86692126976456
1714,138.1703419279108,-135.00000398408832
2389,138.1703419279108,-45.00000830979934
364,138.1703419279108,45.00000125223908
1039,138.1703419279108,135.00000034162267
1429,138.2231666109517,-172.625002612074
1979,138.2231666109517,-97.37499169572432
2104,138.2231666109517,-82.62500693778502
2654,138.2231666109517,-7.374982361056979
79,138.2231666109517,7.374992378969648
629,138.2231666109517,82.62501012550852
754,138.2231666109517,97.37499488344781
1304,138.2231666109517,172.62501262998668
1374,138.43674662629797,-179.99999499104368
2049,138.43674662629797,-89.99999931675467
23,138.43674662629797,0.0
699,138.43674662629797,90.00000250447816
1572,139.3157100102086,-153.53839414631022
1836,139.3157100102086,-116.46160016148811
2247,139.3157100102086,-63.53839847202123
2511,139.3157100102086,-26.46161814757745
222,139.3157100102086,26.46160767492261
486,139.3157100102086,63.53839482955556
897,139.3157100102086,116.46161017940078
1161,139.3157100102086,153.53839050384457
1660,140.15885588211162,-141.2259399786084
1748,140.15885588211162,-128.77405432918994
2335,140.15885588211162,-51.225944304319405
2423,140.15885588211162,-38.77407231527928
310,140.15885588211162,38.77405842752985
398,140.15885588211162,51.225940661853734
985,140.15885588211162,128.7740643471026
1073,140.15885588211162,141.22593633614272
1521,140.53186617306437,-160.68191141430813
1887,140.53186617306437,-109.31809655386853
2196,140.53186617306437,-70.6819020796408
2562,140.53186617306437,-19.318087219201196
171,140.53186617306437,19.31808699183011
537,140.53186617306437,70.68191209755348
846,140.53186617306437,109.31808608121369
1212,140.53186617306437,160.68190777184248
1466,141.37803098858058,-168.22596463561393
1942,141.37803098858058,-101.77404333256273
2141,141.37803098858058,-78.22595530094661
2617,141.37803098858058,-11.77403399789539
116,141.37803098858058,11.774036331845243
592,141.37803098858058,78.22596531885928
791,141.37803098858058,101.77403285990789
1267,141.37803098858058,168.22596099314828
1403,141.81307305757537,-176.04287025388342
2005,141.81307305757537,-93.95713771429325
2078,141.81307305757537,-86.04286091921608
2680,141.81307305757537,-3.9571283796259182
53,141.81307305757537,3.957126871594363
655,141.81307305757537,86.04287093712875
728,141.81307305757537,93.95712724163842
1330,141.81307305757537,176.04286661141774
1613,141.8923032519475,-148.01606325894986
1795,141.8923032519475,-121.98394470922682
2288,141.8923032519475,-58.01605392428252
2470,141.8923032519475,-31.98393537455948
263,141.8923032519475,31.983935147188394
445,141.8923032519475,58.01606394219519
938,141.8923032519475,121.98394106676115
1120,141.8923032519475,148.01605961648417
1715,142.34032268036532,-135.00000398408832
2390,142.34032268036532,-45.00000830979934
365,142.34032268036532,45.00000125223908
1040,142.34032268036532,135.00000034162267
1562,143.3213564112326,-155.36959518354732
1846,143.3213564112326,-114.63039912425101
2237,143.3213564112326,-65.36959950925832
2521,143.3213564112326,-24.630417110340353
212,143.3213564112326,24.630408345232805
496,143.3213564112326,65.36958903660349
887,143.3213564112326,114.63040914216367
1171,143.3213564112326,155.36959154108166
1658,144.28194055572484,-141.8614207789864
1750,144.28194055572484,-128.13857352881195
2333,144.28194055572484,-51.86142510469739
2425,144.28194055572484,-38.13856419414461
308,144.28194055572484,38.13857421205728
400,144.28194055572484,51.86142829242089
983,144.28194055572484,128.1385698863463
1075,144.28194055572484,141.86143079689904
1501,144.39388735622137,-163.2376589187002
1907,144.39388735622137,-106.76234904947648
2176,144.39388735622137,-73.23764958403285
2582,144.39388735622137,-16.762339714809144
151,144.39388735622137,16.762344610079936
557,144.39388735622137,73.23765277175636
826,144.39388735622137,106.76234540701081
1232,144.39388735622137,163.23765527623453
1439,145.06137442305004,-171.50744706007654
1969,145.06137442305004,-98.4925472477218
2114,145.06137442305004,-81.50745138578753
2644,145.06137442305004,-8.492537913054464
89,145.06137442305004,8.492551346061719
619,145.06137442305004,81.50744774332186
764,145.06137442305004,98.4925504354453
1294,145.06137442305004,171.50744341761086
1375,145.28825964689952,-179.99999499104368
2050,145.28825964689952,-89.99999931675467
24,145.28825964689952,0.0
700,145.28825964689952,90.00000250447816
1601,145.93528346697482,-149.38471022521534
1807,145.93528346697482,-120.61528408258299
2276,145.93528346697482,-59.384714550926354
2482,145.93528346697482,-30.615302068672325
251,145.93528346697482,30.61529501111207
457,145.93528346697482,59.38470407827151
926,145.93528346697482,120.61529410049565
1132,145.93528346697482,149.3847065827497
1716,146.44616795651342,-135.00000398408832
2391,146.44616795651342,-45.00000830979934
366,146.44616795651342,45.00000125223908
1041,146.44616795651342,135.00000034162267
1542,147.24643390080715,-157.55104832142268
1866,147.24643390080715,-112.44894598637566
2217,147.24643390080715,-67.55105264713367
2541,147.24643390080715,-22.448963972465
192,147.24643390080715,22.44895349981016
516,147.24643390080715,67.551049004668
867,147.24643390080715,112.44895600428832
1191,147.24643390080715,157.551044678957
1476,148.16075034386174,-166.27281740093545
1932,148.16075034386174,-103.7271769068629
2151,148.16075034386174,-76.27282172664644
2607,148.16075034386174,-13.727167572195558
126,148.16075034386174,13.727180151429165
582,148.16075034386174,76.27281808418077
801,148.16075034386174,103.72718009458639
1257,148.16075034386174,166.27281375846977
1648,148.338253300012,-142.62689373964807
1760,148.338253300012,-127.37310056815028
2323,148.338253300012,-52.62689806535906
2435,148.338253300012,-37.37311855423962
298,148.338253300012,37.37310808158478
410,148.338253300012,52.626894422893386
973,148.338253300012,127.37311058606295
1085,148.338253300012,142.62689009718238
1407,148.63163724562077,-175.37829284764118
2001,148.63163724562077,-94.6217151205355
2082,148.63163724562077,-85.37828351297384
2676,148.63163724562077,-4.621705785868159
57,148.63163724562077,4.621711534912597
651,148.63163724562077,85.37828670069734
732,148.63163724562077,94.62171147806983
1326,148.63163724562077,175.37828920517552
1591,149.9035823936172,-151.0396514007311
1817,149.9035823936172,-118.96035656744557
2266,149.9035823936172,-61.03966938682044
2492,149.9035823936172,-28.960347232778236
241,149.9035823936172,28.960343590312565
467,149.9035823936172,61.0396589141656
916,149.9035823936172,118.96033926460156
1142,149.9035823936172,151.03966141864376
1717,150.48581503922577,-135.00000398408832
2392,150.48581503922577,-45.00000830979934
367,150.48581503922577,45.00000125223908
1042,150.48581503922577,135.00000034162267
1525,151.08280089344157,-160.18967334120367
1883,151.08280089344157,-109.81033462697302
2200,151.08280089344157,-70.18966400653632
2558,151.08280089344157,-19.810325292305674
175,151.08280089344157,19.810330187576465
533,151.08280089344157,70.18966719425983
850,151.08280089344157,109.81033098450735
1208,151.08280089344157,160.189669698738
1450,151.8190816255906,-169.92882641834652
1958,151.8190816255906,-100.07116788945183
2125,151.8190816255906,-79.9288307440575
2633,151.8190816255906,-10.071158554784493
100,151.8190816255906,10.071168572697161
608,151.8190816255906,79.928833931781
775,151.8190816255906,100.07117107717532
1283,151.8190816255906,169.92883643625916
1376,152.0698315304001,-179.99999499104368
2051,152.0698315304001,-89.99999931675467
25,152.0698315304001,0.0
701,152.0698315304001,90.00000250447816
1642,152.32379162411954,-143.56616769392986
1766,152.32379162411954,-126.4338402742468
2317,152.32379162411954,-53.56615835926253
2441,152.32379162411954,-36.433830939579465
292,152.32379162411954,36.433834127302966
416,152.32379162411954,53.56616496208061
967,152.32379162411954,126.43383663178113
1091,152.32379162411954,143.5661640514642
1576,153.78956388038262,-153.08012943413738
1832,153.78956388038262,-116.91987853403928
2251,153.78956388038262,-63.08012009947005
2507,153.78956388038262,-26.919869199371945
226,153.78956388038262,26.91987580219003
482,153.78956388038262,63.08012328719355
901,153.78956388038262,116.91987489157361
1157,153.78956388038262,153.08012579167172
1718,154.45438717343495,-135.00000398408832
2393,154.45438717343495,-45.00000830979934
368,154.45438717343495,45.00000125223908
1043,154.45438717343495,135.00000034162267
1499,154.8172204825244,-163.44229138623376
1909,154.8172204825244,-106.5577165819429
2174,154.8172204825244,-73.44228205156644
2584,154.8172204825244,-16.557707247275562
149,154.8172204825244,16.557708727451768
559,154.8172204825244,73.44229206947911
824,154.8172204825244,106.55770610928806
1234,154.8172204825244,163.4422877437681
1415,155.34862286032973,-174.40734047598883
1993,155.34862286032973,-95.59266749218783
2090,155.34862286032973,-84.4073311413215
2668,155.34862286032973,-5.592658157520492
65,155.34862286032973,5.592666040999045
643,155.34862286032973,84.407334329045
740,155.34862286032973,95.59266384972216
1318,155.34862286032973,174.40733683352317
1636,156.2310969614737,-144.74654732591313
1772,156.2310969614737,-125.2534469818852
2311,156.2310969614737,-54.74655165162414
2447,156.2310969614737,-35.253437647217865
286,156.2310969614737,35.25344766513053
422,156.2310969614737,54.74655142425305
961,156.2310969614737,125.25344333941953
1097,156.2310969614737,144.7465573438258
1558,157.58057841692815,-155.65853950619555
1850,157.58057841692815,-114.3414548016028
2233,157.58057841692815,-65.65854383190654
2525,157.58057841692815,-24.341472787692133
208,157.58057841692815,24.341458899942708
500,157.58057841692815,65.65854018944087
883,157.58057841692815,114.34145798932629
1175,157.58057841692815,155.65853586372987
1719,158.3433876038135,-135.00000398408832
2394,158.3433876038135,-45.00000830979934
369,158.3433876038135,45.00000125223908
1044,158.3433876038135,135.00000034162267
1468,158.42920210054555,-167.5454455678489
1940,158.42920210054555,-102.45454873994944
2143,158.42920210054555,-77.54544989355989
2615,158.42920210054555,-12.454539405282102
118,158.42920210054555,12.454547715647479
590,158.42920210054555,77.5454530812834
793,158.42920210054555,102.45454509748377
1265,158.42920210054555,167.54545558576157
1377,158.71945781951442,-179.99999499104368
2052,158.71945781951442,-89.99999931675467
26,158.71945781951442,0.0
702,158.71945781951442,90.00000250447816
1623,160.0479705942169,-146.27633211507757
1785,160.0479705942169,-123.72367585309911
2298,160.0479705942169,-56.27632278041023
2460,160.0479705942169,-33.72366651843177
273,160.0479705942169,33.72366629106068
435,160.0479705942169,56.2763327983229
948,160.0479705942169,123.72367221063344
1110,160.0479705942169,146.2763284726119
1533,161.25687309617413,-159.01959363448879
1875,161.25687309617413,-110.98040067330956
2208,161.25687309617413,-69.01959796019977
2550,161.25687309617413,-20.980418659398897
183,161.25687309617413,20.980408186744057
525,161.25687309617413,69.0195943177341
858,161.25687309617413,110.98041069122222
1200,161.25687309617413,159.0195899920231
1427,161.88749080186307,-172.86739236533944
1981,161.88749080186307,-97.1326019424589
2102,161.88749080186307,-82.86739669105043
2656,161.88749080186307,-7.132592607791566
77,161.88749080186307,7.132604760138351
631,161.88749080186307,82.86739304858476
752,161.88749080186307,97.1326051301824
1306,161.88749080186307,172.86738872287376
1720,162.1392652350481,-135.00000398408832
2395,162.1392652350481,-45.00000830979934
370,162.1392652350481,45.00000125223908
1045,162.1392652350481,135.00000034162267
1611,163.75535629456482,-148.34060652755218
1797,163.75535629456482,-121.65940144062449
2286,163.75535629456482,-58.34059719288484
2472,163.75535629456482,-31.659392105957153
261,163.75535629456482,31.659391878586067
447,163.75535629456482,58.340607210797515
936,163.75535629456482,121.65939779815882
1122,163.75535629456482,148.3406028850865
1497,164.7875618026938,-163.5779252827719
1911,164.7875618026938,-106.42206902502645
2172,164.7875618026938,-73.57792960848289
2586,164.7875618026938,-16.42208701111579
147,164.7875618026938,16.42207824600824
561,164.7875618026938,73.57791913582805
822,164.7875618026938,106.42207904293912
1236,164.7875618026938,163.57792164030622
1378,165.14401571509845,-179.99999499104368
2053,165.14401571509845,-89.99999931675467
27,165.14401571509845,0.0
703,165.14401571509845,90.00000250447816
1721,165.82110602790016,-135.00000398408832
2396,165.82110602790016,-45.00000830979934
371,165.82110602790016,45.00000125223908
1046,165.82110602790016,135.00000034162267
1589,167.32340613584444,-151.28236900307667
1819,167.32340613584444,-118.71761164434332
2264,167.32340613584444,-61.282386989166014
2494,167.32340613584444,-28.71762963043266
239,167.32340613584444,28.71762598796699
469,167.32340613584444,61.28237651651118
914,167.32340613584444,118.717621662256
1144,167.32340613584444,151.28237902098934
1448,168.12326226878795,-170.08388537288414
1960,168.12326226878795,-99.91612259529253
2123,168.12326226878795,-80.0838760382168
2635,168.12326226878795,-9.916113260625202
98,168.12326226878795,9.916116448348703
610,168.12326226878795,80.08388605612946
773,168.12326226878795,99.91611895282686
1285,168.12326226878795,170.08388173041845
1722,169.35637096116372,-135.00000398408832
2397,169.35637096116372,-45.00000830979934
372,169.35637096116372,45.00000125223908
1047,169.35637096116372,135.00000034162267
1554,170.70400826554226,-155.81120789452368
1854,170.70400826554226,-114.18878641327467
2229,170.70400826554226,-65.81121222023467
2529,170.70400826554226,-24.188777078607327
204,170.70400826554226,24.18879051161458
504,170.70400826554226,65.811208577769
879,170.70400826554226,114.18878960099816
1179,170.70400826554226,155.811204252058
1379,171.18137018663444,-179.99999499104368
2054,171.18137018663444,-89.99999931675467
28,171.18137018663444,0.0
704,171.18137018663444,90.00000250447816
1723,172.6929320310933,-135.00000398408832
2398,172.6929320310933,-45.00000830979934
373,172.6929320310933,45.00000125223908
1048,172.6929320310933,135.00000034162267
1495,173.81397097956747,-163.64367268372243
1913,173.81397097956747,-106.35633528445425
2170,173.81397097956747,-73.64366334905509
2588,173.81397097956747,-16.356325949786907
145,173.81397097956747,16.356329137510404
563,173.81397097956747,73.64367336696776
820,173.81397097956747,106.35633164198858
1238,173.81397097956747,163.64366904125677
1724,175.74134108031836,-135.00000398408832
2399,175.74134108031836,-45.00000830979934
374,175.74134108031836,45.00000125223908
1049,175.74134108031836,135.00000034162267
1380,176.4892604548131,-179.99999499104368
2055,176.4892604548131,-89.99999931675467
29,176.4892604548131,0.0
705,176.4892604548131,90.00000250447816
1725,178.3260622471696,-135.00000398408832
2400,178.3260622471696,-45.00000830979934
375,178.3260622471696,45.00000125223908
1050,178.3260622471696,135.00000034162267
30,180.00000500895632,0.0
